Folder,Symbol
ETF,aadr
ETF,aaxj
ETF,acim
ETF,actx
ETF,acwf
ETF,acwi
ETF,acwv
ETF,acwx
ETF,adra
ETF,adrd
ETF,adre
ETF,adru
ETF,afk
ETF,agf
ETF,agg
ETF,agnd
ETF,agq
ETF,agz
ETF,agzd
ETF,aia
ETF,airr
ETF,ald
ETF,alfa
ETF,alts
ETF,amj
ETF,amjl
ETF,amlp
ETF,amu
ETF,angl
ETF,aoa
ETF,aok
ETF,aom
ETF,aor
ETF,argt
ETF,asea
ETF,ashr
ETF,ashs
ETF,atmp
ETF,ause
ETF,axjl
ETF,axjv
ETF,ayt
ETF,bab
ETF,bal
ETF,bbh
ETF,bbp
ETF,bbrc
ETF,bcm
ETF,bdcl
ETF,bdcs
ETF,bdd
ETF,bfor
ETF,bib
ETF,bick
ETF,bil
ETF,bis
ETF,biv
ETF,bizd
ETF,bjk
ETF,bkf
ETF,bkln
ETF,blv
ETF,bnd
ETF,bndx
ETF,bno
ETF,boil
ETF,bom
ETF,bond
ETF,braq
ETF,brf
ETF,brzu
ETF,bsch
ETF,bsci
ETF,bscj
ETF,bsck
ETF,bscl
ETF,bscm
ETF,bscn
ETF,bsco
ETF,bsjh
ETF,bsji
ETF,bsjj
ETF,bsjk
ETF,bsjl
ETF,bsjm
ETF,bsv
ETF,btal
ETF,bwv
ETF,bwx
ETF,bwz
ETF,byld
ETF,bzf
ETF,bzq
ETF,cafe
ETF,cane
ETF,cape
ETF,carz
ETF,cbnd
ETF,cbon
ETF,cefl
ETF,cew
ETF,cgw
ETF,chau
ETF,chep
ETF,chie
ETF,chii
ETF,chim
ETF,chiq
ETF,chix
ETF,choc
ETF,ciu
ETF,cjnk
ETF,cly
ETF,cmbs
ETF,cmdt
ETF,cmf
ETF,cn
ETF,cnda
ETF,cntr
ETF,cnxt
ETF,cny
ETF,comt
ETF,copx
ETF,corn
ETF,corp
ETF,cow
ETF,cper
ETF,cpi
ETF,cqqq
ETF,crbn
ETF,cred
ETF,croc
ETF,crop
ETF,csd
ETF,csj
ETF,csm
ETF,ctnn
ETF,cupm
ETF,cure
ETF,cut
ETF,cvy
ETF,cwb
ETF,cwi
ETF,cyb
ETF,cza
ETF,dag
ETF,dba
ETF,dbap
ETF,dbaw
ETF,dbb
ETF,dbbr
ETF,dbc
ETF,dbe
ETF,dbef
ETF,dbem
ETF,dbeu
ETF,dbez
ETF,dbgr
ETF,dbjp
ETF,dbko
ETF,dbmx
ETF,dbo
ETF,dbp
ETF,dbs
ETF,dbuk
ETF,dbv
ETF,dcng
ETF,ddg
ETF,ddm
ETF,ddp
ETF,def
ETF,dem
ETF,des
ETF,dew
ETF,dfe
ETF,dfj
ETF,dgaz
ETF,dgl
ETF,dgld
ETF,dgp
ETF,dgre
ETF,dgro
ETF,dgrs
ETF,dgrw
ETF,dgs
ETF,dgt
ETF,dgz
ETF,dhs
ETF,dia
ETF,dig
ETF,dim
ETF,dirt
ETF,div
ETF,djci
ETF,djp
ETF,dln
ETF,dls
ETF,dnl
ETF,dno
ETF,dod
ETF,dog
ETF,dol
ETF,don
ETF,doo
ETF,dpk
ETF,drip
ETF,drn
ETF,drr
ETF,drv
ETF,drw
ETF,dsi
ETF,dslv
ETF,dsum
ETF,dtd
ETF,dth
ETF,dtn
ETF,dto
ETF,dug
ETF,dust
ETF,dvhl
ETF,dvy
ETF,dvya
ETF,dvye
ETF,dvyl
ETF,dwm
ETF,dwx
ETF,dxd
ETF,dxge
ETF,dxj
ETF,dxjc
ETF,dxjf
ETF,dxjh
ETF,dxjr
ETF,dxjs
ETF,dxps
ETF,dyy
ETF,dzk
ETF,dzz
ETF,ebnd
ETF,ech
ETF,ecns
ETF,econ
ETF,edc
ETF,eden
ETF,ediv
ETF,edog
ETF,edv
ETF,edz
ETF,eeb
ETF,eeh
ETF,eelv
ETF,eem
ETF,eema
ETF,eems
ETF,eemv
ETF,ees
ETF,eet
ETF,eev
ETF,efa
ETF,efad
ETF,efav
ETF,effe
ETF,efg
ETF,efo
ETF,efu
ETF,efv
ETF,efz
ETF,egpt
ETF,eido
ETF,eirl
ETF,eis
ETF,eld
ETF,emag
ETF,emb
ETF,emcb
ETF,emcg
ETF,emfm
ETF,emif
ETF,emih
ETF,emlc
ETF,emlp
ETF,emsh
ETF,enfr
ETF,eny
ETF,enzl
ETF,ephe
ETF,epi
ETF,epol
ETF,epp
ETF,eps
ETF,epu
ETF,epv
ETF,eqal
ETF,eql
ETF,eqlt
ETF,eqwl
ETF,eqwm
ETF,eqws
ETF,ero
ETF,erus
ETF,erx
ETF,ery
ETF,eudg
ETF,eufn
ETF,eufx
ETF,eum
ETF,eumv
ETF,euo
ETF,eurl
ETF,eusa
ETF,eusc
ETF,evx
ETF,ewa
ETF,ewc
ETF,ewd
ETF,ewem
ETF,ewg
ETF,ewh
ETF,ewi
ETF,ewj
ETF,ewk
ETF,ewl
ETF,ewm
ETF,ewn
ETF,ewo
ETF,ewp
ETF,ewq
ETF,ews
ETF,ewt
ETF,ewu
ETF,ewv
ETF,eww
ETF,ewx
ETF,ewy
ETF,ewz
ETF,ewzs
ETF,exi
ETF,ext
ETF,eza
ETF,ezj
ETF,ezm
ETF,ezu
ETF,ezy
ETF,fab
ETF,fad
ETF,fam
ETF,fan
ETF,fas
ETF,faus
ETF,faz
ETF,fbgx
ETF,fbnd
ETF,fbt
ETF,fbz
ETF,fca
ETF,fcan
ETF,fcg
ETF,fcom
ETF,fcor
ETF,fct
ETF,fdd
ETF,fdis
ETF,fdiv
ETF,fdl
ETF,fdm
ETF,fdn
ETF,fdt
ETF,fdts
ETF,feeu
ETF,fei
ETF,fem
ETF,femb
ETF,fems
ETF,feny
ETF,feo
ETF,fep
ETF,feu
ETF,feuz
ETF,fex
ETF,fez
ETF,ffa
ETF,ffr
ETF,fgb
ETF,fgd
ETF,fgm
ETF,fhk
ETF,fhlc
ETF,fhy
ETF,fidu
ETF,fieg
ETF,fieu
ETF,fif
ETF,figy
ETF,fill
ETF,finu
ETF,finz
ETF,fiw
ETF,fjp
ETF,fko
ETF,fku
ETF,flag
ETF,flge
ETF,flm
ETF,fln
ETF,flot
ETF,flrn
ETF,flrt
ETF,fltb
ETF,fltr
ETF,fm
ETF,fmat
ETF,fmb
ETF,fmf
ETF,fmk
ETF,fmy
ETF,fncl
ETF,fnda
ETF,fndb
ETF,fndc
ETF,fnde
ETF,fndf
ETF,fndx
ETF,fni
ETF,fnk
ETF,fnx
ETF,fny
ETF,foil
ETF,fone
ETF,fpa
ETF,fpe
ETF,fpf
ETF,fpl
ETF,fpx
ETF,fpxi
ETF,frak
ETF,frel
ETF,fri
ETF,frn
ETF,fsd
ETF,fsta
ETF,fsz
ETF,fta
ETF,ftc
ETF,ftcs
ETF,ftec
ETF,ftgc
ETF,fthi
ETF,ftlb
ETF,ftls
ETF,ftsd
ETF,ftsl
ETF,ftsm
ETF,ftw
ETF,fud
ETF,fue
ETF,futy
ETF,fv
ETF,fvd
ETF,fvl
ETF,fwdb
ETF,fwdd
ETF,fwdi
ETF,fxa
ETF,fxb
ETF,fxc
ETF,fxch
ETF,fxd
ETF,fxe
ETF,fxeu
ETF,fxf
ETF,fxg
ETF,fxh
ETF,fxi
ETF,fxl
ETF,fxn
ETF,fxo
ETF,fxp
ETF,fxr
ETF,fxs
ETF,fxsg
ETF,fxu
ETF,fxy
ETF,fxz
ETF,fyc
ETF,fyld
ETF,fyt
ETF,fyx
ETF,gaa
ETF,gal
ETF,gasl
ETF,gaz
ETF,gbb
ETF,gbf
ETF,gcc
ETF,gce
ETF,gdx
ETF,gdxj
ETF,gdxs
ETF,gdxx
ETF,geur
ETF,gex
ETF,ghii
ETF,gii
ETF,gld
ETF,gldi
ETF,gll
ETF,gltr
ETF,gmf
ETF,gmom
ETF,gnma
ETF,gnr
ETF,govt
ETF,gqre
ETF,grek
ETF,gres
ETF,gri
ETF,grid
ETF,grn
ETF,gru
ETF,grwn
ETF,gsc
ETF,gsg
ETF,gsp
ETF,gsy
ETF,gulf
ETF,gunr
ETF,guru
ETF,gush
ETF,gval
ETF,gvi
ETF,gwx
ETF,gxc
ETF,gxf
ETF,gxg
ETF,gyen
ETF,gyld
ETF,hao
ETF,hap
ETF,hdg
ETF,hdge
ETF,hdv
ETF,heco
ETF,hedj
ETF,heem
ETF,hefa
ETF,hevy
ETF,hewg
ETF,hewj
ETF,hezu
ETF,hgi
ETF,hilo
ETF,hold
ETF,hspx
ETF,huse
ETF,hyd
ETF,hyem
ETF,hyg
ETF,hygh
ETF,hyih
ETF,hyld
ETF,hyls
ETF,hymb
ETF,hynd
ETF,hys
ETF,hyzd
ETF,iai
ETF,iak
ETF,iat
ETF,iau
ETF,ibb
ETF,ibcc
ETF,ibcd
ETF,ibce
ETF,ibdb
ETF,ibdc
ETF,ibdd
ETF,ibdh
ETF,ibdj
ETF,ibdk
ETF,ibdl
ETF,ibdm
ETF,ibdn
ETF,ibdo
ETF,ibdp
ETF,ibdq
ETF,ibln
ETF,ibmg
ETF,ibmh
ETF,ibmi
ETF,ibnd
ETF,icf
ETF,ici
ETF,icln
ETF,icol
ETF,idhq
ETF,idlv
ETF,idog
ETF,idu
ETF,idv
ETF,idx
ETF,ief
ETF,iefa
ETF,iei
ETF,iemg
ETF,ieo
ETF,ieur
ETF,ieus
ETF,iev
ETF,iez
ETF,ifeu
ETF,ifgl
ETF,ifv
ETF,ige
ETF,igf
ETF,igih
ETF,igm
ETF,ign
ETF,igov
ETF,igv
ETF,ihdg
ETF,ihe
ETF,ihf
ETF,ihi
ETF,ihy
ETF,ijh
ETF,ijj
ETF,ijk
ETF,ijr
ETF,ijs
ETF,ijt
ETF,ilf
ETF,iltb
ETF,imlp
ETF,imtm
ETF,inco
ETF,inda
ETF,indl
ETF,indy
ETF,inkm
ETF,inp
ETF,inr
ETF,intf
ETF,inxx
ETF,ioil
ETF,ioo
ETF,ipac
ETF,ipe
ETF,ipff
ETF,ipkw
ETF,ipo
ETF,iqde
ETF,iqdf
ETF,iqdy
ETF,iqlt
ETF,iscf
ETF,ishg
ETF,isra
ETF,istb
ETF,ita
ETF,itb
ETF,ite
ETF,itm
ETF,itot
ETF,iusb
ETF,iusg
ETF,iusv
ETF,ive
ETF,ivog
ETF,ivoo
ETF,ivov
ETF,ivv
ETF,ivw
ETF,iwb
ETF,iwc
ETF,iwd
ETF,iwf
ETF,iwl
ETF,iwm
ETF,iwn
ETF,iwo
ETF,iwp
ETF,iwr
ETF,iws
ETF,iwv
ETF,iwx
ETF,iwy
ETF,ixc
ETF,ixg
ETF,ixj
ETF,ixn
ETF,ixp
ETF,ixus
ETF,iyc
ETF,iye
ETF,iyf
ETF,iyg
ETF,iyh
ETF,iyj
ETF,iyk
ETF,iym
ETF,iyr
ETF,iyt
ETF,iyw
ETF,iyy
ETF,iyz
ETF,jdst
ETF,jhdg
ETF,jja
ETF,jjc
ETF,jje
ETF,jjg
ETF,jjm
ETF,jjn
ETF,jjp
ETF,jjs
ETF,jjt
ETF,jju
ETF,jkd
ETF,jke
ETF,jkf
ETF,jkg
ETF,jkh
ETF,jki
ETF,jkj
ETF,jkk
ETF,jkl
ETF,jnk
ETF,jnug
ETF,jo
ETF,jpge
ETF,jpmv
ETF,jpnl
ETF,jxi
ETF,kba
ETF,kbe
ETF,kbwp
ETF,kbwr
ETF,kce
ETF,kfyp
ETF,kie
ETF,know
ETF,kol
ETF,kold
ETF,koru
ETF,kre
ETF,kroo
ETF,kxi
ETF,labd
ETF,labu
ETF,lalt
ETF,lbj
ETF,ldri
ETF,ldur
ETF,lemb
ETF,lglv
ETF,lit
ETF,llsc
ETF,llsp
ETF,lmbs
ETF,lmlp
ETF,lowc
ETF,lqd
ETF,lqdh
ETF,lrgf
ETF,lstk
ETF,ltl
ETF,ltpz
ETF,lvl
ETF,math
ETF,mbb
ETF,mbg
ETF,mbsd
ETF,mchi
ETF,mcro
ETF,mdiv
ETF,mdy
ETF,mdyg
ETF,mdyv
ETF,mfd
ETF,mgc
ETF,mgk
ETF,mgv
ETF,midu
ETF,midz
ETF,minc
ETF,mint
ETF,mln
ETF,mlpa
ETF,mlpc
ETF,mlpg
ETF,mlpi
ETF,mlps
ETF,mlpx
ETF,mlpy
ETF,mmtm
ETF,mna
ETF,moat
ETF,mom
ETF,moo
ETF,morl
ETF,mort
ETF,mrgr
ETF,mtum
ETF,mub
ETF,muni
ETF,mvv
ETF,mxi
ETF,myy
ETF,mzz
ETF,nash
ETF,near
ETF,nfo
ETF,nfra
ETF,nge
ETF,nib
ETF,nini
ETF,nlr
ETF,nobl
ETF,norw
ETF,nugt
ETF,nyf
ETF,oef
ETF,oih
ETF,oil
ETF,olem
ETF,olo
ETF,oneq
ETF,ounz
ETF,paf
ETF,pagg
ETF,pak
ETF,pall
ETF,pbd
ETF,pbe
ETF,pbj
ETF,pbp
ETF,pbs
ETF,pbw
ETF,pcef
ETF,pcy
ETF,pdbc
ETF,pdn
ETF,pej
ETF,pek
ETF,pex
ETF,pey
ETF,pez
ETF,pff
ETF,pfig
ETF,pfm
ETF,pfxf
ETF,pgal
ETF,pgf
ETF,pghy
ETF,pgj
ETF,pgm
ETF,pgx
ETF,phb
ETF,phdg
ETF,picb
ETF,pick
ETF,pie
ETF,pin
ETF,pio
ETF,pjp
ETF,pkb
ETF,plnd
ETF,pmr
ETF,pnqi
ETF,ppa
ETF,pph
ETF,pplt
ETF,prb
ETF,prf
ETF,prfz
ETF,psau
ETF,pscc
ETF,pscd
ETF,psce
ETF,pscf
ETF,psch
ETF,psci
ETF,pscm
ETF,psct
ETF,pscu
ETF,psi
ETF,psj
ETF,psk
ETF,psp
ETF,psq
ETF,psr
ETF,pst
ETF,ptm
ETF,puw
ETF,pvi
ETF,pwb
ETF,pwc
ETF,pwv
ETF,pwz
ETF,pxe
ETF,pxf
ETF,pxh
ETF,pxj
ETF,pxlg
ETF,pxlv
ETF,pxmg
ETF,pxmv
ETF,pxq
ETF,pxr
ETF,pxsg
ETF,pxsv
ETF,pza
ETF,pzd
ETF,pzi
ETF,pzt
ETF,qaba
ETF,qai
ETF,qat
ETF,qcan
ETF,qcln
ETF,qdef
ETF,qdeu
ETF,qdf
ETF,qdyn
ETF,qed
ETF,qefa
ETF,qemm
ETF,qgbr
ETF,qid
ETF,qinc
ETF,qjpn
ETF,qld
ETF,qls
ETF,qlta
ETF,qmn
ETF,qqew
ETF,qqq
ETF,qqqc
ETF,qqqe
ETF,qqxt
ETF,qtec
ETF,qual
ETF,qus
ETF,qwld
ETF,qyld
ETF,rals
ETF,ravi
ETF,rcd
ETF,rdiv
ETF,rdvy
ETF,reet
ETF,regl
ETF,rek
ETF,rem
ETF,remx
ETF,retl
ETF,rew
ETF,rez
ETF,rfg
ETF,rfv
ETF,rgi
ETF,rhs
ETF,rigs
ETF,rinf
ETF,ring
ETF,rja
ETF,rji
ETF,rjn
ETF,rjz
ETF,rly
ETF,robo
ETF,rola
ETF,rom
ETF,roof
ETF,rpg
ETF,rpv
ETF,rsp
ETF,rsx
ETF,rsxj
ETF,rth
ETF,rtm
ETF,rusl
ETF,russ
ETF,rvnu
ETF,rwj
ETF,rwk
ETF,rwl
ETF,rwm
ETF,rwo
ETF,rwr
ETF,rww
ETF,rwx
ETF,rxd
ETF,rxi
ETF,rxl
ETF,rye
ETF,ryf
ETF,ryh
ETF,ryj
ETF,ryt
ETF,ryu
ETF,rzg
ETF,rzv
ETF,saa
ETF,sagg
ETF,sbb
ETF,sbio
ETF,sbm
ETF,scc
ETF,scha
ETF,schb
ETF,schc
ETF,schd
ETF,sche
ETF,schf
ETF,schg
ETF,schh
ETF,schm
ETF,scho
ETF,schp
ETF,schr
ETF,schv
ETF,schx
ETF,schz
ETF,scid
ETF,scif
ETF,scij
ETF,scin
ETF,sciu
ETF,scix
ETF,scj
ETF,sco
ETF,scto
ETF,scz
ETF,sdd
ETF,sdem
ETF,sdiv
ETF,sdog
ETF,sdow
ETF,sdp
ETF,sds
ETF,sdy
ETF,sdyl
ETF,sea
ETF,sef
ETF,sgar
ETF,sgdj
ETF,sgdm
ETF,sgg
ETF,sgol
ETF,sh
ETF,shm
ETF,shv
ETF,shy
ETF,shyd
ETF,shyg
ETF,sij
ETF,sil
ETF,silj
ETF,sivr
ETF,siz
ETF,size
ETF,sjb
ETF,sjnk
ETF,skf
ETF,skor
ETF,skyy
ETF,slqd
ETF,slv
ETF,slvo
ETF,slvp
ETF,slx
ETF,sly
ETF,slyg
ETF,slyv
ETF,smb
ETF,smdd
ETF,smdv
ETF,smez
ETF,smh
ETF,smlf
ETF,smll
ETF,smlv
ETF,smmu
ETF,smn
ETF,snln
ETF,socl
ETF,soil
ETF,soxl
ETF,soxs
ETF,soxx
ETF,soyb
ETF,spff
ETF,sphb
ETF,sphd
ETF,sphq
ETF,splv
ETF,splx
ETF,spuu
ETF,spxh
ETF,spxl
ETF,spxs
ETF,spxu
ETF,spy
ETF,spyb
ETF,spyg
ETF,spyv
ETF,sqqq
ETF,sret
ETF,srln
ETF,srs
ETF,srty
ETF,ssg
ETF,sso
ETF,stip
ETF,stpz
ETF,sub
ETF,svxy
ETF,sye
ETF,syg
ETF,syld
ETF,syv
ETF,szk
ETF,tags
ETF,tan
ETF,tao
ETF,tbf
ETF,tbt
ETF,tbx
ETF,tdiv
ETF,tdtf
ETF,tdtt
ETF,tecl
ETF,tecs
ETF,tfi
ETF,tflo
ETF,thd
ETF,tilt
ETF,tip
ETF,tipx
ETF,tipz
ETF,tlh
ETF,tlt
ETF,tltd
ETF,tlte
ETF,tmf
ETF,tmv
ETF,tna
ETF,tok
ETF,tolz
ETF,totl
ETF,tqqq
ETF,trsk
ETF,ttfs
ETF,ttt
ETF,tur
ETF,tusa
ETF,tuz
ETF,tvix
ETF,tviz
ETF,twm
ETF,tybs
ETF,tyd
ETF,tyns
ETF,tyo
ETF,tza
ETF,uae
ETF,uag
ETF,ubc
ETF,ubg
ETF,ubm
ETF,ubn
ETF,ubr
ETF,ubt
ETF,ucc
ETF,uci
ETF,uco
ETF,udn
ETF,udow
ETF,uga
ETF,ugaz
ETF,uge
ETF,ugl
ETF,ugld
ETF,uhn
ETF,ujb
ETF,ule
ETF,ulst
ETF,umdd
ETF,ung
ETF,unl
ETF,upro
ETF,upv
ETF,upw
ETF,ura
ETF,ure
ETF,urr
ETF,urth
ETF,urty
ETF,usag
ETF,usci
ETF,usd
ETF,usdu
ETF,usfr
ETF,usl
ETF,uslv
ETF,usmv
ETF,uso
ETF,ust
ETF,usv
ETF,uup
ETF,uvxy
ETF,uwm
ETF,uxi
ETF,uyg
ETF,uym
ETF,vaw
ETF,vb
ETF,vbk
ETF,vbr
ETF,vcit
ETF,vclt
ETF,vcr
ETF,vcsh
ETF,vdc
ETF,vde
ETF,vea
ETF,vega
ETF,vegi
ETF,veu
ETF,vfh
ETF,vgit
ETF,vgk
ETF,vglt
ETF,vgsh
ETF,vgt
ETF,vht
ETF,vidi
ETF,vig
ETF,viix
ETF,viiz
ETF,viog
ETF,vioo
ETF,viov
ETF,vis
ETF,vixm
ETF,vixy
ETF,vlu
ETF,vlue
ETF,vmbs
ETF,vnm
ETF,vnq
ETF,vnqi
ETF,vo
ETF,voe
ETF,vone
ETF,vong
ETF,vonv
ETF,voo
ETF,voog
ETF,voov
ETF,vot
ETF,vox
ETF,vpl
ETF,vpu
ETF,vqt
ETF,vrp
ETF,vss
ETF,vt
ETF,vthr
ETF,vti
ETF,vtip
ETF,vtv
ETF,vtwg
ETF,vtwo
ETF,vtwv
ETF,vug
ETF,vuse
ETF,vv
ETF,vwo
ETF,vwob
ETF,vxf
ETF,vxus
ETF,vxx
ETF,vxz
ETF,vym
ETF,wdiv
ETF,wdti
ETF,weat
ETF,weet
ETF,wip
ETF,wmcr
ETF,wmw
ETF,wood
ETF,wps
ETF,wrei
ETF,xar
ETF,xbi
ETF,xes
ETF,xhb
ETF,xhe
ETF,xhs
ETF,xiv
ETF,xlb
ETF,xle
ETF,xlf
ETF,xlg
ETF,xli
ETF,xlk
ETF,xlp
ETF,xlu
ETF,xlv
ETF,xly
ETF,xme
ETF,xmlv
ETF,xmpt
ETF,xop
ETF,xph
ETF,xpp
ETF,xrlv
ETF,xrt
ETF,xsd
ETF,xslv
ETF,xsoe
ETF,xsw
ETF,xt
ETF,xtl
ETF,xtn
ETF,xvz
ETF,yang
ETF,yao
ETF,ycl
ETF,ycs
ETF,ydiv
ETF,yinn
ETF,ylco
ETF,ymli
ETF,ymlp
ETF,yxi
ETF,yyy
ETF,ziv
ETF,zmlp
ETF,zroz
ETF,zsl
Folder,Symbol
Stock,a
Stock,aa
Stock,aaap
Stock,aaba
Stock,aac
Stock,aal
Stock,aamc
Stock,aame
Stock,aan
Stock,aaoi
Stock,aaon
Stock,aap
Stock,aapl
Stock,aat
Stock,aau
Stock,aav
Stock,aaww
Stock,aaxn
Stock,ab
Stock,abac
Stock,abax
Stock,abb
Stock,abbv
Stock,abc
Stock,abcb
Stock,abcd
Stock,abco
Stock,abdc
Stock,abe
Stock,abeo
Stock,abeow
Stock,abev
Stock,abg
Stock,abil
Stock,abio
Stock,ablx
Stock,abm
Stock,abmd
Stock,abr
Stock,abr_a
Stock,abr_b
Stock,abr_c
Stock,abrn
Stock,abt
Stock,abtx
Stock,abus
Stock,abx
Stock,aby
Stock,ac
Stock,acad
Stock,acbi
Stock,acc
Stock,acco
Stock,acer
Stock,acerw
Stock,acet
Stock,acfc
Stock,acgl
Stock,acglo
Stock,acglp
Stock,ach
Stock,achc
Stock,achn
Stock,achv
Stock,acia
Stock,aciu
Stock,aciw
Stock,acls
Stock,acm
Stock,acmr
Stock,acn
Stock,acnb
Stock,acor
Stock,acp
Stock,acre
Stock,acrs
Stock,acrx
Stock,acsf
Stock,acsi
Stock,acst
Stock,acta
Stock,actg
Stock,acu
Stock,acv
Stock,acxm
Stock,acy
Stock,adap
Stock,adbe
Stock,adc
Stock,ades
Stock,adhd
Stock,adi
Stock,adm
Stock,adma
Stock,admp
Stock,adms
Stock,adnt
Stock,adom
Stock,adp
Stock,adro
Stock,ads
Stock,adsk
Stock,adsw
Stock,adtn
Stock,adus
Stock,advm
Stock,adx
Stock,adxs
Stock,adxsw
Stock,ae
Stock,aeb
Stock,aed
Stock,aee
Stock,aeg
Stock,aegn
Stock,aeh
Stock,aehr
Stock,aeis
Stock,aek
Stock,ael
Stock,aem
Stock,aemd
Stock,aeo
Stock,aep
Stock,aer
Stock,aeri
Stock,aes
Stock,aet
Stock,aeti
Stock,aeua
Stock,aey
Stock,aezs
Stock,afam
Stock,afb
Stock,afc
Stock,afg
Stock,afge
Stock,afgh
Stock,afh
Stock,afhbl
Stock,afi
Stock,afl
Stock,afmd
Stock,afsd
Stock,afsi
Stock,afsi_a
Stock,afsi_b
Stock,afsi_c
Stock,afsi_d
Stock,afsi_e
Stock,afsi_f
Stock,afss
Stock,afst
Stock,aft
Stock,afty
Stock,ag
Stock,agc
Stock,agco
Stock,agd
Stock,agen
Stock,agfs
Stock,agfsw
Stock,agge
Stock,aggp
Stock,aggy
Stock,agi
Stock,agii
Stock,agiil
Stock,agio
Stock,agle
Stock,agm
Stock,agm-a
Stock,agm_a
Stock,agm_b
Stock,agm_c
Stock,agn
Stock,agn_a
Stock,agnc
Stock,agncb
Stock,agncn
Stock,ago
Stock,ago_b
Stock,ago_e
Stock,ago_f
Stock,agr
Stock,agro
Stock,agrx
Stock,agt
Stock,agtc
Stock,agu
Stock,agx
Stock,agys
Stock,ahc
Stock,ahgp
Stock,ahh
Stock,ahl
Stock,ahl_c
Stock,ahl_d
Stock,ahp
Stock,ahp_b
Stock,ahpa
Stock,ahpau
Stock,ahpaw
Stock,ahpi
Stock,aht
Stock,aht_d
Stock,aht_f
Stock,aht_g
Stock,aht_h
Stock,ai
Stock,ai_b
Stock,aib-cl
Stock,aic
Stock,aieq
Stock,aif
Stock,aig
Stock,aig-ws
Stock,aimc
Stock,aimt
Stock,ain
Stock,ainc
Stock,ainv
Stock,air
Stock,airg
Stock,airi
Stock,airt
Stock,ait
Stock,aiv
Stock,aiv_a
Stock,aiw
Stock,aiy
Stock,aiz
Stock,ajg
Stock,ajrd
Stock,ajx
Stock,ajxa
Stock,akam
Stock,akao
Stock,akba
Stock,akca
Stock,aker
Stock,akg
Stock,ako-a
Stock,ako-b
Stock,akp
Stock,akr
Stock,akrx
Stock,aks
Stock,akts
Stock,aktx
Stock,al
Stock,alb
Stock,albo
Stock,alco
Stock,aldr
Stock,aldw
Stock,aldx
Stock,ale
Stock,alex
Stock,alfi
Stock,alg
Stock,algn
Stock,algt
Stock,alim
Stock,aljj
Stock,alk
Stock,alks
Stock,all
Stock,all_a
Stock,all_b
Stock,all_c
Stock,all_d
Stock,all_e
Stock,all_f
Stock,alle
Stock,allt
Stock,ally
Stock,ally_a
Stock,aln
Stock,alna
Stock,alny
Stock,alo
Stock,alog
Stock,alot
Stock,alp_o-cl
Stock,alp_q
Stock,alpn
Stock,alqa
Stock,alrm
Stock,alrn
Stock,alsk
Stock,alsn
Stock,alt
Stock,altr
Stock,alty
Stock,alv
Stock,alx
Stock,alxn
Stock,am
Stock,amag
Stock,amat
Stock,amba
Stock,ambc
Stock,ambcw
Stock,ambr
Stock,amc
Stock,amca
Stock,amcn
Stock,amcx
Stock,amd
Stock,amda
Stock,ame
Stock,amed
Stock,amfw
Stock,amg
Stock,amgn
Stock,amgp
Stock,amh
Stock,amh_c
Stock,amh_d
Stock,amh_e
Stock,amh_f
Stock,amh_g
Stock,amid
Stock,amkr
Stock,amlx
Stock,amma
Stock,amn
Stock,amnb
Stock,amot
Stock,amov
Stock,amp
Stock,ampe
Stock,amph
Stock,amrb
Stock,amrc
Stock,amrk
Stock,amrn
Stock,amrs
Stock,ams
Stock,amsc
Stock,amsf
Stock,amswa
Stock,amt
Stock,amt_b
Stock,amtd
Stock,amtx
Stock,amwd
Stock,amx
Stock,amza
Stock,amzn
Stock,an
Stock,anab
Stock,anat
Stock,ancb
Stock,ancx
Stock,anda
Stock,andar
Stock,andau
Stock,andaw
Stock,ande
Stock,andv
Stock,andx
Stock,anet
Stock,anf
Stock,anfi
Stock,angi
Stock,ango
Stock,anh
Stock,anh_a
Stock,anh_b
Stock,anh_c
Stock,anik
Stock,anip
Stock,anss
Stock,anth
Stock,antm
Stock,antx
Stock,anw
Stock,any
Stock,aobc
Stock,aod
Stock,aoi
Stock,aon
Stock,aos
Stock,aosl
Stock,aoxg
Stock,ap
Stock,apa
Stock,apam
Stock,apb
Stock,apc
Stock,apd
Stock,apdn
Stock,apdnw
Stock,apei
Stock,apen
Stock,apf
Stock,aph
Stock,aphb
Stock,aple
Stock,aplp
Stock,apls
Stock,apo
Stock,apo_a
Stock,apog
Stock,apop
Stock,apopw
Stock,appf
Stock,appn
Stock,apps
Stock,apri
Stock,aprn
Stock,apt
Stock,apti
Stock,apto
Stock,apts
Stock,apu
Stock,apvo
Stock,apwc
Stock,aq
Stock,aqb
Stock,aqms
Stock,aqn
Stock,aqua
Stock,aqxp
Stock,ar
Stock,ara
Stock,aray
Stock,arc
Stock,arcb
Stock,arcc
Stock,arch
Stock,arci
Stock,arcm
Stock,arco
Stock,arcw
Stock,arcx
Stock,ard
Stock,ardc
Stock,ardm
Stock,ardx
Stock,are
Stock,are_d
Stock,ares
Stock,ares_a
Stock,arex
Stock,args
Stock,argx
Stock,arh_c
Stock,ari
Stock,ari_c
Stock,arii
Stock,arkg
Stock,arkk
Stock,arkq
Stock,arkr
Stock,arkw
Stock,arl
Stock,arlp
Stock,arlz
Stock,armk
Stock,arna
Stock,arnc
Stock,arnc_
Stock,arnc_b
Stock,aroc
Stock,arow
Stock,arql
Stock,arr
Stock,arr_a
Stock,arr_b
Stock,arrs
Stock,arry
Stock,artna
Stock,artw
Stock,artx
Stock,arw
Stock,arwr
Stock,asa
Stock,asb
Stock,asb-ws
Stock,asb_c
Stock,asb_d
Stock,asc
Stock,ascma
Stock,aset
Stock,asfi
Stock,asg
Stock,asgn
Stock,ash
Stock,ashx
Stock,asix
Stock,asm
Stock,asmb
Stock,asml
Stock,asna
Stock,asnd
Stock,aspn
Stock,asps
Stock,aspu
Stock,asr
Stock,asrv
Stock,asrvp
Stock,ast
Stock,astc
Stock,aste
Stock,asur
Stock,asv
Stock,asx
Stock,asys
Stock,at
Stock,atac
Stock,atacr
Stock,atacu
Stock,atai
Stock,atax
Stock,atec
Stock,aten
Stock,atge
Stock,ath
Stock,athm
Stock,athn
Stock,athx
Stock,ati
Stock,atkr
Stock,atlc
Stock,atlo
Stock,atni
Stock,atnm
Stock,atnx
Stock,ato
Stock,atom
Stock,atos
Stock,atr
Stock,atra
Stock,atrc
Stock,atri
Stock,atro
Stock,atrs
Stock,atsg
Stock,atto
Stock,attu
Stock,atu
Stock,atus
Stock,atv
Stock,atvi
Stock,atxi
Stock,au
Stock,aubn
Stock,audc
Stock,aug
Stock,aumn
Stock,auo
Stock,auph
Stock,auto
Stock,auy
Stock,ava
Stock,aval
Stock,avav
Stock,avb
Stock,avd
Stock,avdl
Stock,aveo
Stock,avgo
Stock,avgr
Stock,avh
Stock,avhi
Stock,avid
Stock,avir
Stock,avk
Stock,avnw
Stock,avp
Stock,avt
Stock,avx
Stock,avxl
Stock,avxs
Stock,avy
Stock,awf
Stock,awi
Stock,awk
Stock,awp
Stock,awr
Stock,awre
Stock,awx
Stock,axas
Stock,axdx
Stock,axe
Stock,axgn
Stock,axl
Stock,axon
Stock,axp
Stock,axr
Stock,axs
Stock,axs_d
Stock,axs_e
Stock,axsm
Stock,axta
Stock,axti
Stock,axu
Stock,ayi
Stock,ayr
Stock,aytu
Stock,ayx
Stock,azn
Stock,azo
Stock,azpn
Stock,azre
Stock,azrx
Stock,azul
Stock,azz
Stock,b
Stock,ba
Stock,baa
Stock,baba
Stock,baby
Stock,bac
Stock,bac-ws-a
Stock,bac-ws-b
Stock,bac_a
Stock,bac_c
Stock,bac_d
Stock,bac_e
Stock,bac_i
Stock,bac_l
Stock,bac_w
Stock,bac_y
Stock,baf
Stock,bah
Stock,bak
Stock,bam
Stock,banc
Stock,banc_c
Stock,banc_d
Stock,banc_e
Stock,band
Stock,banf
Stock,banfp
Stock,banr
Stock,banx
Stock,bap
Stock,bar
Stock,bas
Stock,basi
Stock,batra
Stock,batrk
Stock,bax
Stock,bb
Stock,bbby
Stock,bbc
Stock,bbd
Stock,bbdo
Stock,bbf
Stock,bbg
Stock,bbgi
Stock,bbk
Stock,bbl
Stock,bbn
Stock,bbox
Stock,bbrg
Stock,bbsi
Stock,bbt
Stock,bbt_d
Stock,bbt_e
Stock,bbt_f
Stock,bbt_g
Stock,bbt_h
Stock,bbu
Stock,bbva
Stock,bbw
Stock,bbx
Stock,bby
Stock,bc
Stock,bcac
Stock,bcacr
Stock,bcacu
Stock,bcacw
Stock,bcbp
Stock,bcc
Stock,bcd
Stock,bce
Stock,bcei
Stock,bch
Stock,bci
Stock,bcli
Stock,bco
Stock,bcom
Stock,bcor
Stock,bcov
Stock,bcpc
Stock,bcr
Stock,bcrh
Stock,bcrx
Stock,bcs
Stock,bcs_d
Stock,bctf
Stock,bcv
Stock,bcv_a
Stock,bcx
Stock,bdc
Stock,bdc_b
Stock,bdcz
Stock,bdge
Stock,bdj
Stock,bdl
Stock,bdn
Stock,bdr
Stock,bdsi
Stock,bdx
Stock,bdxa
Stock,beat
Stock,bebe
Stock,becn
Stock,bedu
Stock,bef
Stock,bel
Stock,belfa
Stock,belfb
Stock,bemo
Stock,ben
Stock,bep
Stock,bern
Stock,bery
Stock,betr
Stock,bf-a
Stock,bf-b
Stock,bfam
Stock,bfin
Stock,bfit
Stock,bfk
Stock,bfo
Stock,bfr
Stock,bfs
Stock,bfs_c
Stock,bfy
Stock,bfz
Stock,bg
Stock,bgb
Stock,bgc
Stock,bgca
Stock,bgcp
Stock,bgfv
Stock,bgg
Stock,bgh
Stock,bgi
Stock,bgio
Stock,bgne
Stock,bgr
Stock,bgs
Stock,bgsf
Stock,bgt
Stock,bgx
Stock,bgy
Stock,bh
Stock,bhac
Stock,bhacr
Stock,bhacu
Stock,bhacw
Stock,bhb
Stock,bhbk
Stock,bhe
Stock,bhf
Stock,bhge
Stock,bhk
Stock,bhlb
Stock,bhp
Stock,bhv
Stock,bhvn
Stock,bibl
Stock,bid
Stock,bidu
Stock,bif
Stock,big
Stock,biib
Stock,bio
Stock,bio-b
Stock,bioa
Stock,bioc
Stock,biol
Stock,bios
Stock,bip
Stock,bit
Stock,bita
Stock,bivv
Stock,bjri
Stock,bjz
Stock,bk
Stock,bk_c
Stock,bkcc
Stock,bkd
Stock,bke
Stock,bkep
Stock,bkepp
Stock,bkh
Stock,bkhu
Stock,bki
Stock,bkj
Stock,bkk
Stock,bkmu
Stock,bkn
Stock,bks
Stock,bksc
Stock,bkt
Stock,bku
Stock,bkyi
Stock,bl
Stock,blbd
Stock,blcm
Stock,bld
Stock,bldp
Stock,bldr
Stock,ble
Stock,bles
Stock,blfs
Stock,blh
Stock,blhy
Stock,blin
Stock,blj
Stock,blk
Stock,blkb
Stock,bll
Stock,blmn
Stock,blmt
Stock,blph
Stock,blrx
Stock,blue
Stock,blvd
Stock,blvdu
Stock,blvdw
Stock,blw
Stock,blx
Stock,bma
Stock,bmch
Stock,bme
Stock,bmi
Stock,bml_g
Stock,bml_h
Stock,bml_i
Stock,bml_j
Stock,bml_l
Stock,bmla
Stock,bmlp
Stock,bmo
Stock,bmra
Stock,bmrc
Stock,bmrn
Stock,bms
Stock,bmtc
Stock,bmy
Stock,bncl
Stock,bndc
Stock,bned
Stock,bnft
Stock,bnj
Stock,bns
Stock,bnso
Stock,bntc
Stock,bntcw
Stock,bny
Stock,bobe
Stock,boch
Stock,boe
Stock,bofi
Stock,bofil
Stock,boh
Stock,boja
Stock,bokf
Stock,bokfl
Stock,bold
Stock,bomn
Stock,bont
Stock,boom
Stock,boot
Stock,born
Stock,bosc
Stock,boss
Stock,botj
Stock,botz
Stock,box
Stock,bp
Stock,bpfh
Stock,bpfhp
Stock,bpfhw
Stock,bpi
Stock,bpk
Stock,bpl
Stock,bpmc
Stock,bpmp
Stock,bpmx
Stock,bpop
Stock,bpopm
Stock,bpopn
Stock,bprn
Stock,bpt
Stock,bpth
Stock,bpy
Stock,bqh
Stock,br
Stock,brac
Stock,bracr
Stock,bracu
Stock,bracw
Stock,brc
Stock,brcd
Stock,brew
Stock,brfs
Stock,brg
Stock,brg_a
Stock,brg_c
Stock,brg_d
Stock,brgl
Stock,brid
Stock,brk-a
Stock,brk-b
Stock,brkl
Stock,brkr
Stock,brks
Stock,brn
Stock,bro
Stock,brqs
Stock,brqsw
Stock,brs
Stock,brss
Stock,brt
Stock,brx
Stock,bsac
Stock,bsbr
Stock,bscp
Stock,bscq
Stock,bscr
Stock,bsd
Stock,bse
Stock,bset
Stock,bsf
Stock,bsft
Stock,bsjn
Stock,bsjo
Stock,bsjp
Stock,bsl
Stock,bsm
Stock,bsmx
Stock,bspm
Stock,bsqr
Stock,bsrr
Stock,bst
Stock,bstc
Stock,bsti
Stock,bswn
Stock,bsx
Stock,bt
Stock,bta
Stock,bte
Stock,btec
Stock,btg
Stock,bti
Stock,btn
Stock,bto
Stock,btt
Stock,btu
Stock,btu_
Stock,btx
Stock,btx-ws
Stock,btz
Stock,bud
Stock,buff
Stock,bui
Stock,bur
Stock,burl
Stock,buse
Stock,buz
Stock,bv
Stock,bval
Stock,bvn
Stock,bvsn
Stock,bvx
Stock,bvxv
Stock,bvxvw
Stock,bw
Stock,bwa
Stock,bwen
Stock,bwfg
Stock,bwg
Stock,bwina
Stock,bwinb
Stock,bwl-a
Stock,bwld
Stock,bwp
Stock,bwxt
Stock,bx
Stock,bxc
Stock,bxe
Stock,bxmt
Stock,bxmx
Stock,bxp
Stock,bxp_b
Stock,bxs
Stock,by
Stock,bybk
Stock,byd
Stock,byfc
Stock,bym
Stock,bysi
Stock,bzh
Stock,bzm
Stock,bzun
Stock,c
Stock,c-ws-a
Stock,c_c
Stock,c_j
Stock,c_k
Stock,c_l
Stock,c_n
Stock,c_p
Stock,c_s
Stock,ca
Stock,caa
Stock,caas
Stock,cabo
Stock,cac
Stock,cacc
Stock,cacg
Stock,caci
Stock,cadc
Stock,cade
Stock,cae
Stock,caf
Stock,cafd
Stock,cag
Stock,cah
Stock,cai
Stock,caj
Stock,cake
Stock,cal
Stock,cala
Stock,cald
Stock,calf
Stock,cali
Stock,call
Stock,calm
Stock,calx
Stock,camp
Stock,camt
Stock,canf
Stock,capl
Stock,capr
Stock,car
Stock,cara
Stock,carb
Stock,carg
Stock,caro
Stock,cars
Stock,cart
Stock,carv
Stock,casc
Stock,cash
Stock,casi
Stock,casm
Stock,cass
Stock,casy
Stock,cat
Stock,catb
Stock,catc
Stock,cath
Stock,catm
Stock,cato
Stock,cats
Stock,caty
Stock,catyw
Stock,cavm
Stock,caw
Stock,cb
Stock,cba
Stock,cbak
Stock,cban
Stock,cbay
Stock,cbb
Stock,cbb_b
Stock,cbd
Stock,cbf
Stock,cbfv
Stock,cbg
Stock,cbh
Stock,cbi
Stock,cbio
Stock,cbk
Stock,cbl
Stock,cbl_d
Stock,cbl_e
Stock,cbli
Stock,cbm
Stock,cbmg
Stock,cbmx
Stock,cbmxw
Stock,cbo
Stock,cboe
Stock,cbpo
Stock,cbpx
Stock,cbrl
Stock,cbs
Stock,cbs-a
Stock,cbsh
Stock,cbshp
Stock,cbt
Stock,cbtx
Stock,cbu
Stock,cbx
Stock,cbz
Stock,cc
Stock,cca
Stock,ccbg
Stock,ccc
Stock,cccl
Stock,cccr
Stock,ccd
Stock,cce
Stock,ccf
Stock,cci
Stock,cci_a
Stock,ccih
Stock,ccj
Stock,cck
Stock,ccl
Stock,cclp
Stock,ccm
Stock,ccmp
Stock,ccne
Stock,cco
Stock,ccoi
Stock,ccor
Stock,ccrc
Stock,ccrn
Stock,ccs
Stock,ccu
Stock,ccur
Stock,ccv
Stock,ccv-cl
Stock,ccxi
Stock,ccz
Stock,cdc
Stock,cde
Stock,cdev
Stock,cdk
Stock,cdl
Stock,cdna
Stock,cdns
Stock,cdor
Stock,cdr
Stock,cdr_b
Stock,cdr_c
Stock,cdti
Stock,cdtx
Stock,cdw
Stock,cdxc
Stock,cdxs
Stock,cdzi
Stock,ce
Stock,cea
Stock,cece
Stock,ceco
Stock,cee
Stock,cef
Stock,cefs
Stock,cei
Stock,cel
Stock,celc
Stock,celg
Stock,celgz
Stock,celh
Stock,celp
Stock,cem
Stock,cemb
Stock,cemi
Stock,cen
Stock,cent
Stock,centa
Stock,cenx
Stock,ceo
Stock,ceqp
Stock,cerc
Stock,cercw
Stock,cern
Stock,cers
Stock,cet
Stock,cetv
Stock,cetx
Stock,cetxp
Stock,cetxw
Stock,cev
Stock,ceva
Stock,cey
Stock,cez
Stock,cf
Stock,cfa
Stock,cfbi
Stock,cfbk
Stock,cfc_b
Stock,cfco
Stock,cfcou
Stock,cfcow
Stock,cffi
Stock,cffn
Stock,cfg
Stock,cfms
Stock,cfnb
Stock,cfo
Stock,cfr
Stock,cfr_a
Stock,cfrx
Stock,cfx
Stock,cg
Stock,cga
Stock,cgbd
Stock,cgen
Stock,cgg
Stock,cgi
Stock,cgix
Stock,cgnt
Stock,cgnx
Stock,cgo
Stock,ch
Stock,cha
Stock,chad
Stock,chci
Stock,chco
Stock,chct
Stock,chd
Stock,chdn
Stock,che
Stock,chef
Stock,chek
Stock,chekw
Stock,chfc
Stock,chfn
Stock,chfs
Stock,chgg
Stock,chgx
Stock,chh
Stock,chi
Stock,chk
Stock,chk_d
Stock,chke
Stock,chkp
Stock,chkr
Stock,chl
Stock,chma
Stock,chmg
Stock,chmi
Stock,chmi_a
Stock,chn
Stock,chnr
Stock,chrs
Stock,chrw
Stock,chs
Stock,chscl
Stock,chscm
Stock,chscn
Stock,chsco
Stock,chscp
Stock,chsp
Stock,cht
Stock,chtr
Stock,chu
Stock,chuba
Stock,chubk
Stock,chuy
Stock,chw
Stock,chy
Stock,ci
Stock,cia
Stock,cib
Stock,cibr
Stock,cic
Stock,cic-u
Stock,cic-ws
Stock,cid
Stock,cidm
Stock,cie
Stock,cien
Stock,cif
Stock,cifs
Stock,cig
Stock,cig-c
Stock,cigi
Stock,cii
Stock,cik
Stock,cil
Stock,cim
Stock,cim_a
Stock,cim_b
Stock,cinf
Stock,cinr
Stock,cio
Stock,cio_a
Stock,cir
Stock,cisn
Stock,cisn-ws
Stock,cit
Stock,civb
Stock,civbp
Stock,civi
Stock,cix
Stock,ciz
Stock,cizn
Stock,cj
Stock,cjjd
Stock,ckh
Stock,ckpt
Stock,ckx
Stock,cl
Stock,clar
Stock,clb
Stock,clbs
Stock,clct
Stock,cld
Stock,cldc
Stock,cldr
Stock,cldt
Stock,cldx
Stock,clf
Stock,clfd
Stock,clgx
Stock,clh
Stock,cli
Stock,clir
Stock,clirw
Stock,clls
Stock,clm
Stock,clmt
Stock,clne
Stock,clns
Stock,clns_b
Stock,clns_c-cl
Stock,clns_d
Stock,clns_e
Stock,clns_g
Stock,clns_h
Stock,clns_i
Stock,clns_j
Stock,clnt
Stock,clpr
Stock,clr
Stock,clrb
Stock,clrbw
Stock,clrbz
Stock,clro
Stock,cls
Stock,clsd
Stock,clsn
Stock,cltl
Stock,club
Stock,clvs
Stock,clw
Stock,clwt
Stock,clx
Stock,clxt
Stock,clyh
Stock,cm
Stock,cma
Stock,cma-ws
Stock,cmc
Stock,cmcl
Stock,cmcm
Stock,cmco
Stock,cmcsa
Stock,cmct
Stock,cmd
Stock,cme
Stock,cmfn
Stock,cmg
Stock,cmi
Stock,cmls
Stock,cmo
Stock,cmo_e
Stock,cmp
Stock,cmpr
Stock,cmre
Stock,cmre_b
Stock,cmre_c
Stock,cmre_d
Stock,cmrx
Stock,cms
Stock,cms_b
Stock,cmss
Stock,cmssr
Stock,cmssu
Stock,cmssw
Stock,cmt
Stock,cmta
Stock,cmtl
Stock,cmu
Stock,cna
Stock,cnac
Stock,cnacr
Stock,cnacu
Stock,cnacw
Stock,cnat
Stock,cnbka
Stock,cnc
Stock,cnce
Stock,cncr
Stock,cndf
Stock,cndt
Stock,cnet
Stock,cnfr
Stock,cnhi
Stock,cnhx
Stock,cni
Stock,cnit
Stock,cnk
Stock,cnmd
Stock,cnnx
Stock,cno
Stock,cnob
Stock,cnp
Stock,cnq
Stock,cns
Stock,cnsf
Stock,cnsl
Stock,cntf
Stock,cnty
Stock,cnx
Stock,cnxc
Stock,cnxn
Stock,cnxr
Stock,cnya
Stock,co
Stock,cobz
Stock,coda
Stock,codi
Stock,codi_a
Stock,codx
Stock,coe
Stock,cof
Stock,cof-ws
Stock,cof_c
Stock,cof_d
Stock,cof_f
Stock,cof_g
Stock,cof_h
Stock,cof_p
Stock,cog
Stock,cogt
Stock,cohn
Stock,cohr
Stock,cohu
Stock,coke
Stock,col
Stock,colb
Stock,coll
Stock,colm
Stock,com
Stock,comb
Stock,comg
Stock,comm
Stock,cone
Stock,conn
Stock,coo
Stock,cool
Stock,cop
Stock,cor
Stock,cor_a
Stock,cor_a-cl
Stock,core
Stock,cori
Stock,corr
Stock,corr_a
Stock,cort
Stock,cost
Stock,cot
Stock,cotv
Stock,coty
Stock,coup
Stock,cown
Stock,cownl
Stock,cowz
Stock,cp
Stock,cpa
Stock,cpac
Stock,cpah
Stock,cpb
Stock,cpe
Stock,cpe_a
Stock,cpf
Stock,cpg
Stock,cphc
Stock,cphi
Stock,cpix
Stock,cpk
Stock,cpl
Stock,cpla
Stock,cplp
Stock,cpn
Stock,cprt
Stock,cprx
Stock,cps
Stock,cpsh
Stock,cpsi
Stock,cpss
Stock,cpst
Stock,cpt
Stock,cpta
Stock,cptag
Stock,cptal
Stock,cqh
Stock,cqp
Stock,cr
Stock,crai
Stock,crak
Stock,cray
Stock,crbp
Stock,crc
Stock,crcm
Stock,crd-a
Stock,crd-b
Stock,cree
Stock,creg
Stock,cresy
Stock,crf
Stock,crh
Stock,crhm
Stock,cri
Stock,cris
Stock,crk
Stock,crl
Stock,crm
Stock,crmd
Stock,crme
Stock,crmt
Stock,crnt
Stock,crox
Stock,crr
Stock,crs
Stock,crsp
Stock,crt
Stock,crtn
Stock,crto
Stock,crus
Stock,crvl
Stock,crvp
Stock,crvs
Stock,crws
Stock,cry
Stock,crzo
Stock,cs
Stock,csa
Stock,csb
Stock,csbk
Stock,csbr
Stock,csco
Stock,csf
Stock,csfl
Stock,csgp
Stock,csgs
Stock,csii
Stock,csiq
Stock,csl
Stock,cslt
Stock,csml
Stock,csod
Stock,cspi
Stock,csq
Stock,csra
Stock,css
Stock,csse
Stock,cste
Stock,cstm
Stock,cstr
Stock,csu
Stock,csv
Stock,cswc
Stock,cswi
Stock,csx
Stock,ctaa
Stock,ctas
Stock,ctb
Stock,ctbb
Stock,ctbi
Stock,ctdd
Stock,ctek
Stock,ctg
Stock,cthr
Stock,ctib
Stock,ctic
Stock,ctl
Stock,ctlt
Stock,ctmx
Stock,cto
Stock,ctr
Stock,ctre
Stock,ctrl
Stock,ctrn
Stock,ctrp
Stock,ctrv
Stock,cts
Stock,ctsh
Stock,ctso
Stock,ctt
Stock,ctu
Stock,ctv
Stock,ctw
Stock,ctws
Stock,ctx
Stock,ctxr
Stock,ctxrw
Stock,ctxs
Stock,cty
Stock,ctz
Stock,cub
Stock,cuba
Stock,cube
Stock,cubi
Stock,cubi_c
Stock,cubi_d
Stock,cubi_e
Stock,cubi_f
Stock,cubn
Stock,cubs
Stock,cuda
Stock,cui
Stock,cuk
Stock,culp
Stock,cumb
Stock,cunb
Stock,cuo
Stock,cur
Stock,cutr
Stock,cuz
Stock,cva
Stock,cvbf
Stock,cvco
Stock,cvcy
Stock,cve
Stock,cveo
Stock,cvg
Stock,cvgi
Stock,cvgw
Stock,cvi
Stock,cvlt
Stock,cvly
Stock,cvm
Stock,cvm-ws
Stock,cvna
Stock,cvo
Stock,cvr
Stock,cvrr
Stock,cvrs
Stock,cvs
Stock,cvti
Stock,cvu
Stock,cvv
Stock,cvx
Stock,cw
Stock,cwai
Stock,cway
Stock,cwbc
Stock,cwco
Stock,cweb
Stock,cwh
Stock,cws
Stock,cwst
Stock,cwt
Stock,cx
Stock,cxdc
Stock,cxe
Stock,cxh
Stock,cxo
Stock,cxp
Stock,cxrx
Stock,cxse
Stock,cxw
Stock,cy
Stock,cyad
Stock,cyan
Stock,cybe
Stock,cybr
Stock,cycc
Stock,cyccp
Stock,cyd
Stock,cyh
Stock,cyhhz
Stock,cyou
Stock,cyrn
Stock,cyrx
Stock,cyrxw
Stock,cys
Stock,cys_a
Stock,cys_b
Stock,cytk
Stock,cytr
Stock,cytx
Stock,cytxw
Stock,czfc
Stock,cznc
Stock,czr
Stock,czwi
Stock,czz
Stock,d
Stock,dac
Stock,daio
Stock,dakt
Stock,dal
Stock,dalt
Stock,dan
Stock,dar
Stock,dare
Stock,data
Stock,dave
Stock,dax
Stock,db
Stock,dbd
Stock,dbes
Stock,dbit
Stock,dbl
Stock,dbrt
Stock,dbvt
Stock,dcf
Stock,dci
Stock,dcix
Stock,dcm
Stock,dco
Stock,dcom
Stock,dcp
Stock,dcph
Stock,dct
Stock,dcud
Stock,dd
Stock,dd_a
Stock,dd_b
Stock,ddbi
Stock,ddc
Stock,ddd
Stock,dde
Stock,ddez
Stock,ddf
Stock,ddjp
Stock,ddls
Stock,ddr
Stock,ddr_a
Stock,ddr_j
Stock,ddr_k
Stock,dds
Stock,ddt
Stock,ddwm
Stock,de
Stock,dea
Stock,deck
Stock,deef
Stock,defa
Stock,dei
Stock,del
Stock,delt
Stock,deltw
Stock,demg
Stock,dems
Stock,denn
Stock,deo
Stock,depo
Stock,derm
Stock,desc
Stock,desp
Stock,dest
Stock,deus
Stock,dewj
Stock,dex
Stock,dezu
Stock,df
Stock,dfbg
Stock,dfen
Stock,dffn
Stock,dfin
Stock,dfnd
Stock,dfnl
Stock,dfp
Stock,dfrg
Stock,dfs
Stock,dfs_b
Stock,dfs_b-cl
Stock,dfvl
Stock,dfvs
Stock,dg
Stock,dgica
Stock,dgicb
Stock,dgii
Stock,dglt
Stock,dgly
Stock,dgse
Stock,dgx
Stock,dhdg
Stock,dhf
Stock,dhg
Stock,dhi
Stock,dhil
Stock,dhr
Stock,dht
Stock,dhvw
Stock,dhx
Stock,dhxm
Stock,dhy
Stock,dial
Stock,diax
Stock,din
Stock,diod
Stock,dis
Stock,disca
Stock,discb
Stock,disck
Stock,dish
Stock,dit
Stock,diva
Stock,divb
Stock,divo
Stock,divy
Stock,djco
Stock,djd
Stock,dk
Stock,dkl
Stock,dks
Stock,dkt
Stock,dl
Stock,dla
Stock,dlb
Stock,dlbl
Stock,dlbr
Stock,dlbs
Stock,dlhc
Stock,dlng
Stock,dlng_a
Stock,dlph
Stock,dlr
Stock,dlr_c
Stock,dlr_g
Stock,dlr_h
Stock,dlr_i
Stock,dlr_j
Stock,dlth
Stock,dltr
Stock,dlx
Stock,dm
Stock,dmb
Stock,dmf
Stock,dmlp
Stock,dmo
Stock,dmpi
Stock,dmrc
Stock,dmri
Stock,dmrl
Stock,dmtx
Stock,dnb
Stock,dnbf
Stock,dni
Stock,dnkn
Stock,dnn
Stock,dnow
Stock,dnp
Stock,dnr
Stock,do
Stock,doc
Stock,door
Stock,dorm
Stock,dota
Stock,dotar
Stock,dotau
Stock,dotaw
Stock,dov
Stock,dova
Stock,dox
Stock,dpg
Stock,dplo
Stock,dps
Stock,dpst
Stock,dpw
Stock,dpz
Stock,dq
Stock,drad
Stock,drd
Stock,dre
Stock,drh
Stock,dri
Stock,drio
Stock,driow
Stock,drna
Stock,drq
Stock,drrx
Stock,drua
Stock,drys
Stock,ds
Stock,ds_b
Stock,ds_c
Stock,ds_d
Stock,dse
Stock,dsgx
Stock,dske
Stock,dskew
Stock,dsl
Stock,dsm
Stock,dspg
Stock,dss
Stock,dst
Stock,dsu
Stock,dsw
Stock,dswl
Stock,dsx
Stock,dsx_b
Stock,dsxn
Stock,dte
Stock,dtea
Stock,dtf
Stock,dtj
Stock,dtk
Stock,dtla_
Stock,dtq
Stock,dtrm
Stock,dtul
Stock,dtus
Stock,dtv
Stock,dty
Stock,dtyl
Stock,dtys
Stock,duc
Stock,duk
Stock,dukh
Stock,dusa
Stock,dusl
Stock,dva
Stock,dvax
Stock,dvcr
Stock,dvd
Stock,dvem
Stock,dvmt
Stock,dvn
Stock,dvp
Stock,dwac
Stock,dwaq
Stock,dwas
Stock,dwat
Stock,dwch
Stock,dwdp
Stock,dwfi
Stock,dwin
Stock,dwld
Stock,dwlv
Stock,dwpp
Stock,dwsn
Stock,dwt
Stock,dwtr
Stock,dx
Stock,dx_a
Stock,dx_b
Stock,dxb
Stock,dxc
Stock,dxcm
Stock,dxlg
Stock,dxpe
Stock,dxr
Stock,dxtr
Stock,dxus
Stock,dxyn
Stock,dy
Stock,dyb
Stock,dyls
Stock,dyn
Stock,dyn-ws-a
Stock,dyn_a
Stock,dync
Stock,dynt
Stock,dysl
Stock,dzsi
Stock,e
Stock,ea
Stock,eab
Stock,eacq
Stock,eacqu
Stock,eacqw
Stock,ead
Stock,eae
Stock,eagl
Stock,eaglu
Stock,eaglw
Stock,eai
Stock,earn
Stock,ears
Stock,eat
Stock,ebay
Stock,ebayl
Stock,ebf
Stock,ebio
Stock,ebix
Stock,ebmt
Stock,ebr
Stock,ebr-b
Stock,ebs
Stock,ebsb
Stock,ebtc
Stock,ec
Stock,eca
Stock,ecc
Stock,ecca
Stock,eccb
Stock,eccy
Stock,eccz
Stock,ecf
Stock,ecf_a
Stock,echo
Stock,ecl
Stock,ecol
Stock,ecom
Stock,ecpg
Stock,ecr
Stock,ect
Stock,ecyt
Stock,ed
Stock,edap
Stock,edbi
Stock,edd
Stock,edf
Stock,edge
Stock,edgw
Stock,edi
Stock,edit
Stock,edn
Stock,edom
Stock,edow
Stock,edr
Stock,edu
Stock,educ
Stock,ee
Stock,eea
Stock,eeft
Stock,eei
Stock,eemo
Stock,eemx
Stock,eep
Stock,eeq
Stock,eex
Stock,efas
Stock,efax
Stock,efbi
Stock,efc
Stock,eff
Stock,efii
Stock,efl
Stock,efnl
Stock,efoi
Stock,efr
Stock,efsc
Stock,eft
Stock,efx
Stock,egan
Stock,egbn
Stock,egf
Stock,eght
Stock,egi
Stock,egif
Stock,egl
Stock,egle
Stock,eglt
Stock,egn
Stock,ego
Stock,egov
Stock,egp
Stock,egrx
Stock,egy
Stock,ehi
Stock,ehic
Stock,eht
Stock,ehth
Stock,eia
Stock,eig
Stock,eigi
Stock,eigr
Stock,eim
Stock,eio
Stock,eip
Stock,eiv
Stock,eix
Stock,ekso
Stock,el
Stock,elc
Stock,elec
Stock,elecu
Stock,elecw
Stock,elf
Stock,elgx
Stock,elj
Stock,elli
Stock,ello
Stock,elmd
Stock,elon
Stock,elp
Stock,els
Stock,else
Stock,eltk
Stock,elu
Stock,elvt
Stock,ely
Stock,eman
Stock,embh
Stock,embu
Stock,emcf
Stock,emci
Stock,emd
Stock,emdv
Stock,eme
Stock,emes
Stock,emf
Stock,emgf
Stock,emhy
Stock,emi
Stock,emitf
Stock,emj
Stock,emkr
Stock,eml
Stock,emms
Stock,emn
Stock,emo
Stock,emp
Stock,emqq
Stock,emr
Stock,emsd
Stock,emtl
Stock,emx
Stock,emxc
Stock,enb
Stock,enbl
Stock,endp
Stock,enfc
Stock,eng
Stock,enh_c
Stock,enia
Stock,enic
Stock,enj
Stock,enlc
Stock,enlk
Stock,eno
Stock,enor
Stock,enph
Stock,enr
Stock,enrj
Stock,ens
Stock,ensg
Stock,ensv
Stock,ent
Stock,enta
Stock,entg
Stock,entl
Stock,entr
Stock,env
Stock,enva
Stock,enx
Stock,enz
Stock,enzy
Stock,eocc
Stock,eod
Stock,eog
Stock,eoi
Stock,eos
Stock,eot
Stock,ep_c
Stock,epam
Stock,epay
Stock,epc
Stock,epd
Stock,epe
Stock,epix
Stock,epm
Stock,epr
Stock,epr_c
Stock,epr_e
Stock,epr_f
Stock,eprf
Stock,epzm
Stock,eqbk
Stock,eqc
Stock,eqc_d
Stock,eqco
Stock,eqfn
Stock,eqgp
Stock,eqix
Stock,eqm
Stock,eqr
Stock,eqrr
Stock,eqs
Stock,eqt
Stock,era
Stock,erc
Stock,erf
Stock,ergf
Stock,erh
Stock,eri
Stock,eric
Stock,erie
Stock,erii
Stock,erj
Stock,erm
Stock,ern
Stock,eros
Stock,eryp
Stock,es
Stock,esba
Stock,esbk
Stock,esca
Stock,esdi
Stock,esdiw
Stock,ese
Stock,esea
Stock,eses
Stock,esg
Stock,esgd
Stock,esge
Stock,esgf
Stock,esgg
Stock,esgl
Stock,esgn
Stock,esgr
Stock,esgs
Stock,esgu
Stock,esgw
Stock,esio
Stock,esl
Stock,eslt
Stock,esnc
Stock,esnd
Stock,esnt
Stock,esp
Stock,espr
Stock,esq
Stock,esrt
Stock,esrx
Stock,ess
Stock,essa
Stock,este
Stock,esv
Stock,esxb
Stock,etb
Stock,ete
Stock,etfc
Stock,etg
Stock,eth
Stock,etho
Stock,etj
Stock,etm
Stock,etmw
Stock,etn
Stock,eto
Stock,etp
Stock,etr
Stock,etsy
Stock,etv
Stock,etw
Stock,etx
Stock,ety
Stock,eudv
Stock,eufl
Stock,eurn
Stock,eurz
Stock,euxl
Stock,ev
Stock,eva
Stock,evar
Stock,evbg
Stock,evbn
Stock,evc
Stock,evep
Stock,evf
Stock,evg
Stock,evgbc
Stock,evgn
Stock,evh
Stock,evhc
Stock,evi
Stock,evix
Stock,evj
Stock,evk
Stock,evlmc
Stock,evlv
Stock,evm
Stock,evn
Stock,evo
Stock,evok
Stock,evol
Stock,evp
Stock,evr
Stock,evri
Stock,evstc
Stock,evt
Stock,evtc
Stock,evv
Stock,evy
Stock,ew
Stock,ewbc
Stock,ewgs
Stock,ewmc
Stock,ewre
Stock,ewsc
Stock,ewus
Stock,exa
Stock,exac
Stock,exas
Stock,exc
Stock,exd
Stock,exel
Stock,exfo
Stock,exg
Stock,exiv
Stock,exk
Stock,exls
Stock,exp
Stock,expd
Stock,expe
Stock,expo
Stock,expr
Stock,exr
Stock,extn
Stock,extr
Stock,exxi
Stock,eye
Stock,eyeg
Stock,eyegw
Stock,eyes
Stock,eyesw
Stock,eyld
Stock,ezpw
Stock,ezt
Stock,f
Stock,faar
Stock,fac
Stock,faf
Stock,faln
Stock,fang
Stock,fanh
Stock,fanz
Stock,farm
Stock,faro
Stock,fast
Stock,fat
Stock,fate
Stock,fax
Stock,fb
Stock,fbc
Stock,fbhs
Stock,fbio
Stock,fbiz
Stock,fbk
Stock,fbm
Stock,fbms
Stock,fbnc
Stock,fbnk
Stock,fbp
Stock,fbr
Stock,fbss
Stock,fc
Stock,fcal
Stock,fcap
Stock,fcau
Stock,fcb
Stock,fcbc
Stock,fcco
Stock,fccy
Stock,fce-a
Stock,fcef
Stock,fcel
Stock,fcf
Stock,fcfs
Stock,fcn
Stock,fcnca
Stock,fco
Stock,fcpt
Stock,fcre
Stock,fcsc
Stock,fcvt
Stock,fcx
Stock,fdbc
Stock,fdc
Stock,fdef
Stock,fdeu
Stock,fdlo
Stock,fdmo
Stock,fdp
Stock,fdrr
Stock,fds
Stock,fdus
Stock,fdvv
Stock,fdx
Stock,fe
Stock,fedu
Stock,feim
Stock,fele
Stock,felp
Stock,fen
Stock,fenc
Stock,feng
Stock,fet
Stock,feye
Stock,ff
Stock,ffbc
Stock,ffbcw
Stock,ffbw
Stock,ffc
Stock,ffg
Stock,ffhg
Stock,ffhl
Stock,ffic
Stock,ffin
Stock,ffiu
Stock,ffiv
Stock,ffkt
Stock,ffnw
Stock,ffsg
Stock,fftg
Stock,ffti
Stock,ffty
Stock,ffwm
Stock,fgbi
Stock,fgen
Stock,fgl
Stock,fgp
Stock,fh
Stock,fhb
Stock,fhn
Stock,fhn_a
Stock,fi
Stock,fibk
Stock,fibr
Stock,fico
Stock,fiee
Stock,fig
Stock,fihd
Stock,fii
Stock,finl
Stock,finx
Stock,fis
Stock,fisi
Stock,fisk
Stock,fisv
Stock,fit
Stock,fitb
Stock,fitbi
Stock,fiv
Stock,five
Stock,fivn
Stock,fix
Stock,fixd
Stock,fizz
Stock,fl
Stock,flat
Stock,flau
Stock,flbr
Stock,flc
Stock,flca
Stock,flch
Stock,flco
Stock,fldm
Stock,fleu
Stock,flex
Stock,flgb
Stock,flgr
Stock,flgt
Stock,flhk
Stock,flic
Stock,flio
Stock,flir
Stock,fljh
Stock,fljp
Stock,flkr
Stock,flks
Stock,fll
Stock,fllv
Stock,flmb
Stock,flmx
Stock,flo
Stock,flow
Stock,flqd
Stock,flqe
Stock,flqg
Stock,flqh
Stock,flql
Stock,flqm
Stock,flqs
Stock,flr
Stock,fls
Stock,flt
Stock,flws
Stock,flxn
Stock,flxs
Stock,fly
Stock,fmao
Stock,fmbh
Stock,fmbi
Stock,fmc
Stock,fmci
Stock,fmcir
Stock,fmciu
Stock,fmciw
Stock,fmdg
Stock,fmhi
Stock,fmi
Stock,fmn
Stock,fmnb
Stock,fmo
Stock,fms
Stock,fmsa
Stock,fmx
Stock,fn
Stock,fnb
Stock,fnb_e
Stock,fnbg
Stock,fncf
Stock,fnd
Stock,fnf
Stock,fnfv
Stock,fng
Stock,fngn
Stock,fnhc
Stock,fnjn
Stock,fnko
Stock,fnlc
Stock,fnsr
Stock,fnte
Stock,fnteu
Stock,fntew
Stock,fnv
Stock,fnwb
Stock,foanc
Stock,foe
Stock,fof
Stock,fogo
Stock,fold
Stock,fomx
Stock,fonr
Stock,for
Stock,ford
Stock,fork
Stock,form
Stock,forr
Stock,forty
Stock,fosl
Stock,fox
Stock,foxa
Stock,foxf
Stock,fpay
Stock,fpei
Stock,fph
Stock,fpi
Stock,fpi_b
Stock,fpp
Stock,fpp-ws
Stock,fprx
Stock,fpt
Stock,fqal
Stock,fr
Stock,fra
Stock,frac
Stock,fran
Stock,frba
Stock,frbk
Stock,frc
Stock,frc_c
Stock,frc_d
Stock,frc_e
Stock,frc_f
Stock,frc_g
Stock,frc_h
Stock,frd
Stock,fred
Stock,frgi
Stock,frme
Stock,fro
Stock,frph
Stock,frpt
Stock,frsh
Stock,frsx
Stock,frt
Stock,frt_c
Stock,frta
Stock,fsac
Stock,fsacu
Stock,fsacw
Stock,fsam
Stock,fsb
Stock,fsbc
Stock,fsbk
Stock,fsbw
Stock,fsct
Stock,fsfg
Stock,fsi
Stock,fsic
Stock,fslr
Stock,fsm
Stock,fsnn
Stock,fsp
Stock,fss
Stock,fstr
Stock,fsv
Stock,ft
Stock,ftag
Stock,ftai
Stock,ftd
Stock,ftek
Stock,fteo
Stock,ftf
Stock,ftft
Stock,fti
Stock,ftk
Stock,ftnt
Stock,ftr
Stock,ftri
Stock,ftrpr
Stock,fts
Stock,ftv
Stock,ftva
Stock,ftxd
Stock,ftxg
Stock,ftxh
Stock,ftxl
Stock,ftxn
Stock,ftxo
Stock,ftxr
Stock,ful
Stock,fulll
Stock,fult
Stock,fun
Stock,func
Stock,fund
Stock,fusb
Stock,fut
Stock,fuv
Stock,fval
Stock,fvc
Stock,fve
Stock,fwona
Stock,fwonk
Stock,fwp
Stock,fwrd
Stock,fxep
Stock,fxjp
Stock,g
Stock,gab
Stock,gab_d
Stock,gab_g
Stock,gab_h
Stock,gab_j
Stock,gabc
Stock,gabr
Stock,gabrw
Stock,gaia
Stock,gain
Stock,gainm
Stock,gainn
Stock,gaino
Stock,gale
Stock,galt
Stock,gam
Stock,gam_b
Stock,gamr
Stock,gard
Stock,gars
Stock,gass
Stock,gasx
Stock,gatx
Stock,gazb
Stock,gbab
Stock,gbci
Stock,gbdc
Stock,gbil
Stock,gbl
Stock,gbli
Stock,gblil
Stock,gbliz
Stock,gbnk
Stock,gbr
Stock,gbt
Stock,gbx
Stock,gcap
Stock,gcbc
Stock,gch
Stock,gci
Stock,gco
Stock,gcow
Stock,gcp
Stock,gcv
Stock,gcv_b
Stock,gcvrz
Stock,gd
Stock,gddy
Stock,gden
Stock,gdi
Stock,gdl
Stock,gdl_b
Stock,gdo
Stock,gdot
Stock,gdp
Stock,gds
Stock,gdv
Stock,gdv_a
Stock,gdv_d
Stock,gdv_g
Stock,gdvd
Stock,ge
Stock,geb
Stock,gec
Stock,gecc
Stock,geccl
Stock,gef
Stock,gef-b
Stock,geh
Stock,gek
Stock,gel
Stock,gem
Stock,gemp
Stock,gen
Stock,genc
Stock,gene
Stock,geny
Stock,geo
Stock,geos
Stock,ger
Stock,gern
Stock,ges
Stock,gevo
Stock,gf
Stock,gfa
Stock,gfed
Stock,gff
Stock,gfi
Stock,gfn
Stock,gfncp
Stock,gfnsl
Stock,gfy
Stock,gg
Stock,ggal
Stock,ggb
Stock,ggg
Stock,ggm
Stock,ggn
Stock,ggn_b
Stock,ggo
Stock,ggo_a
Stock,ggp
Stock,ggp_a
Stock,ggt
Stock,ggt_b
Stock,ggt_e
Stock,ggz
Stock,ggz_a
Stock,ggzr
Stock,ggzrw
Stock,ghc
Stock,ghdx
Stock,ghl
Stock,ghm
Stock,ghs
Stock,ghy
Stock,ghyb
Stock,ghyg
Stock,gib
Stock,gifi
Stock,giga
Stock,gigb
Stock,gigm
Stock,giii
Stock,gil
Stock,gild
Stock,gilt
Stock,gim
Stock,gimo
Stock,gis
Stock,gjh
Stock,gjo
Stock,gjp
Stock,gjr
Stock,gjs
Stock,gjt
Stock,gjv
Stock,gkos
Stock,glad
Stock,gladn
Stock,glbl
Stock,glbr
Stock,glbs
Stock,glbz
Stock,gldd
Stock,gldw
Stock,glmd
Stock,glng
Stock,glo
Stock,glob
Stock,glog
Stock,glog_a
Stock,glop
Stock,glop_a
Stock,glow
Stock,glp
Stock,glpg
Stock,glpi
Stock,glq
Stock,glre
Stock,glt
Stock,glu
Stock,glu_a
Stock,gluu
Stock,glv
Stock,glw
Stock,glyc
Stock,gm
Stock,gm-ws-b
Stock,gme
Stock,gmed
Stock,gmfl
Stock,gmlp
Stock,gmlpp
Stock,gmo
Stock,gmre
Stock,gmre_a
Stock,gms
Stock,gmta
Stock,gmz
Stock,gnbc
Stock,gnc
Stock,gnca
Stock,gncma
Stock,gne
Stock,gne_a
Stock,gnk
Stock,gnl
Stock,gnl_a
Stock,gnmk
Stock,gnmx
Stock,gnrc
Stock,gnrt
Stock,gnrx
Stock,gnt
Stock,gnt_a
Stock,gntx
Stock,gnty
Stock,gnus
Stock,gnw
Stock,goau
Stock,goex
Stock,gof
Stock,gogl
Stock,gogo
Stock,gol
Stock,gold
Stock,golf
Stock,good
Stock,goodm
Stock,goodo
Stock,goodp
Stock,goog
Stock,googl
Stock,goos
Stock,gop
Stock,goro
Stock,gov
Stock,govni
Stock,gpac
Stock,gpacu
Stock,gpacw
Stock,gpc
Stock,gpe_a-cl
Stock,gpi
Stock,gpic
Stock,gpja
Stock,gpk
Stock,gpl
Stock,gpm
Stock,gpmt
Stock,gpmtw
Stock,gpn
Stock,gpor
Stock,gpp
Stock,gpre
Stock,gprk
Stock,gpro
Stock,gps
Stock,gpt
Stock,gpt_a
Stock,gpx
Stock,gra
Stock,gram
Stock,grbk
Stock,grc
Stock,grf
Stock,grfs
Stock,grif
Stock,grmn
Stock,grmy
Stock,grnb
Stock,grow
Stock,grp-u
Stock,grpn
Stock,grr
Stock,grub
Stock,grvy
Stock,grx
Stock,grx_a
Stock,grx_b
Stock,gs
Stock,gs_a
Stock,gs_b
Stock,gs_c
Stock,gs_d
Stock,gs_i
Stock,gs_i-cl
Stock,gs_j
Stock,gs_k
Stock,gs_n
Stock,gsat
Stock,gsb
Stock,gsbc
Stock,gsbd
Stock,gsd
Stock,gseu
Stock,gsew
Stock,gsh
Stock,gsht
Stock,gshtu
Stock,gshtw
Stock,gsie
Stock,gsit
Stock,gsjy
Stock,gsk
Stock,gsl
Stock,gsl_b
Stock,gslc
Stock,gsm
Stock,gss
Stock,gssc
Stock,gst
Stock,gst_a
Stock,gst_b
Stock,gsum
Stock,gsv
Stock,gsvc
Stock,gt
Stock,gte
Stock,gthx
Stock,gtim
Stock,gtls
Stock,gtn
Stock,gtn-a
Stock,gto
Stock,gts
Stock,gtt
Stock,gtxi
Stock,gty
Stock,gtyh
Stock,gtyhu
Stock,gtyhw
Stock,gudb
Stock,gure
Stock,gut
Stock,gut_a
Stock,gut_c
Stock,gv
Stock,gva
Stock,gvip
Stock,gvp
Stock,gwb
Stock,gwgh
Stock,gwph
Stock,gwr
Stock,gwre
Stock,gwrs
Stock,gww
Stock,gxp
Stock,gyb
Stock,gyc
Stock,gyro
Stock,gzt
Stock,h
Stock,ha
Stock,habt
Stock,hack
Stock,hacv
Stock,hacw
Stock,hae
Stock,hafc
Stock,haha
Stock,hain
Stock,hair
Stock,hal
Stock,hall
Stock,halo
Stock,has
Stock,hasi
Stock,haud
Stock,hawk
Stock,hawx
Stock,hayn
Stock,hban
Stock,hbann
Stock,hbano
Stock,hbanp
Stock,hbb
Stock,hbcp
Stock,hbhc
Stock,hbhcl
Stock,hbi
Stock,hbio
Stock,hbk
Stock,hbm
Stock,hbm-ws
Stock,hbmd
Stock,hbnc
Stock,hbp
Stock,hca
Stock,hcac
Stock,hcac-u
Stock,hcac-ws
Stock,hcap
Stock,hcapz
Stock,hcc
Stock,hcci
Stock,hchc
Stock,hci
Stock,hckt
Stock,hclp
Stock,hcm
Stock,hcn
Stock,hcn_i
Stock,hcom
Stock,hcp
Stock,hcrf
Stock,hcsg
Stock,hd
Stock,hdaw
Stock,hdb
Stock,hdee
Stock,hdef
Stock,hdez
Stock,hdlv
Stock,hdmv
Stock,hdng
Stock,hdp
Stock,hdrw
Stock,hds
Stock,hdsn
Stock,he
Stock,he_u
Stock,hear
Stock,heb
Stock,hebt
Stock,hees
Stock,hefv
Stock,hei
Stock,hei-a
Stock,hele
Stock,hemv
Stock,hep
Stock,heq
Stock,hes
Stock,hes_a
Stock,hesm
Stock,heus
Stock,heuv
Stock,hewc
Stock,hewi
Stock,hewl
Stock,hewp
Stock,hewu
Stock,heww
Stock,hewy
Stock,hf
Stock,hfbc
Stock,hfbl
Stock,hfc
Stock,hfro
Stock,hfwa
Stock,hfxe
Stock,hfxi
Stock,hfxj
Stock,hgh
Stock,hgsd
Stock,hgsh
Stock,hgt
Stock,hgv
Stock,hhc
Stock,hhs
Stock,hhyx
Stock,hi
Stock,hibb
Stock,hie
Stock,hifr
Stock,hifs
Stock,hig
Stock,hig-ws
Stock,hiho
Stock,hii
Stock,hiiq
Stock,hil
Stock,himx
Stock,hio
Stock,hips
Stock,hive
Stock,hiw
Stock,hix
Stock,hjpx
Stock,hjv
Stock,hk
Stock,hk-ws
Stock,hl
Stock,hl_b
Stock,hlf
Stock,hlg
Stock,hli
Stock,hlit
Stock,hlm_
Stock,hlne
Stock,hls
Stock,hlt
Stock,hlth
Stock,hlx
Stock,hmc
Stock,hmg
Stock,hmhc
Stock,hmlp
Stock,hmlp_a
Stock,hmn
Stock,hmnf
Stock,hmny
Stock,hmst
Stock,hmsy
Stock,hmta
Stock,hmtv
Stock,hmy
Stock,hni
Stock,hnna
Stock,hnp
Stock,hnrg
Stock,hnw
Stock,hoft
Stock,hog
Stock,holi
Stock,holx
Stock,homb
Stock,home
Stock,homl
Stock,hon
Stock,hone
Stock,hope
Stock,hos
Stock,hotr
Stock,hov
Stock,hovnp
Stock,hp
Stock,hpe
Stock,hpf
Stock,hpi
Stock,hpj
Stock,hpp
Stock,hpq
Stock,hps
Stock,hpt
Stock,hqcl
Stock,hqh
Stock,hql
Stock,hqy
Stock,hr
Stock,hrb
Stock,hrc
Stock,hrg
Stock,hri
Stock,hrl
Stock,hrs
Stock,hrtg
Stock,hrtx
Stock,hrzn
Stock,hsbc
Stock,hsbc_a
Stock,hsc
Stock,hscz
Stock,hsea
Stock,hseb
Stock,hsgx
Stock,hsic
Stock,hsii
Stock,hska
Stock,hsni
Stock,hson
Stock,hst
Stock,hstm
Stock,hsy
Stock,ht
Stock,ht_c
Stock,ht_d
Stock,ht_e
Stock,hta
Stock,htbi
Stock,htbk
Stock,htbx
Stock,htd
Stock,htf-cl
Stock,htfa
Stock,htgc
Stock,htgm
Stock,htgx
Stock,hth
Stock,htht
Stock,htld
Stock,htlf
Stock,htm
Stock,htrb
Stock,htus
Stock,hty
Stock,htz
Stock,hubb
Stock,hubg
Stock,hubs
Stock,hum
Stock,hun
Stock,hunt
Stock,huntu
Stock,huntw
Stock,hurc
Stock,hurn
Stock,husa
Stock,husv
Stock,hvbc
Stock,hvt
Stock,hvt-a
Stock,hwbk
Stock,hwcc
Stock,hwkn
Stock,hx
Stock,hxl
Stock,hy
Stock,hyacu
Stock,hyb
Stock,hydb
Stock,hydd
Stock,hygs
Stock,hyh
Stock,hyhg
Stock,hyi
Stock,hylb
Stock,hylv
Stock,hyt
Stock,hyxe
Stock,hyxu
Stock,hzn
Stock,hznp
Stock,hzo
Stock,i
Stock,iac
Stock,iae
Stock,iaf
Stock,iag
Stock,iagg
Stock,iam
Stock,iamxr
Stock,iamxw
Stock,iart
Stock,iba
Stock,ibcp
Stock,ibd
Stock,ibdr
Stock,ibds
Stock,ibio
Stock,ibkc
Stock,ibkco
Stock,ibkcp
Stock,ibkr
Stock,ibm
Stock,ibmj
Stock,ibmk
Stock,ibml
Stock,ibn
Stock,ibo
Stock,iboc
Stock,ibp
Stock,ibtx
Stock,ibuy
Stock,icad
Stock,ican
Stock,icb
Stock,icbk
Stock,iccc
Stock,icch
Stock,icd
Stock,ice
Stock,icfi
Stock,ichr
Stock,icl
Stock,iclr
Stock,icon
Stock,icow
Stock,icpt
Stock,icsh
Stock,icui
Stock,icvt
Stock,ida
Stock,idcc
Stock,ide
Stock,idev
Stock,idhd
Stock,idlb
Stock,idmo
Stock,idn
Stock,idra
Stock,idsa
Stock,idsy
Stock,idt
Stock,idti
Stock,idxg
Stock,idxx
Stock,iec
Stock,iep
Stock,iesc
Stock,iex
Stock,if
Stock,iff
Stock,ifix
Stock,ifly
Stock,ifmk
Stock,ifn
Stock,ifon
Stock,ifrx
Stock,iga
Stock,igc
Stock,igd
Stock,igeb
Stock,igem
Stock,ighg
Stock,igi
Stock,igld
Stock,igr
Stock,igro
Stock,igt
Stock,igvt
Stock,igz
Stock,ihc
Stock,ihd
Stock,ihg
Stock,ihit
Stock,iht
Stock,iid
Stock,iif
Stock,iii
Stock,iiin
Stock,iiji
Stock,iim
Stock,iin
Stock,iipr
Stock,iipr_a
Stock,iivi
Stock,iknx
Stock,ilg
Stock,ilmn
Stock,imax
Stock,imdz
Stock,imgn
Stock,imh
Stock,imi
Stock,imkta
Stock,immr
Stock,immu
Stock,immy
Stock,imnp
Stock,imo
Stock,imom
Stock,imos
Stock,impv
Stock,imrn
Stock,imrnw
Stock,imtb
Stock,imte
Stock,imuc
Stock,imuc-ws
Stock,inap
Stock,inb
Stock,inbk
Stock,inbkl
Stock,incr
Stock,incy
Stock,indb
Stock,indf
Stock,indu
Stock,induu
Stock,induw
Stock,inf
Stock,infi
Stock,infn
Stock,info
Stock,infr
Stock,infu
Stock,infy
Stock,ing
Stock,ingn
Stock,ingr
Stock,inn
Stock,inn_b
Stock,inn_b-cl
Stock,inn_c
Stock,inn_d
Stock,ino
Stock,inod
Stock,inov
Stock,inpx
Stock,ins
Stock,inse
Stock,insg
Stock,insi
Stock,insm
Stock,inst
Stock,insw
Stock,insy
Stock,int
Stock,intc
Stock,intg
Stock,intl
Stock,intt
Stock,intu
Stock,intx
Stock,inuv
Stock,inva
Stock,inve
Stock,invh
Stock,inwk
Stock,inxn
Stock,io
Stock,ions
Stock,ior
Stock,iosp
Stock,iots
Stock,iova
Stock,ip
Stock,ipar
Stock,ipas
Stock,ipay
Stock,ipb
Stock,ipcc
Stock,ipci
Stock,ipdn
Stock,ipg
Stock,ipgp
Stock,iphi
Stock,iphs
Stock,ipi
Stock,ipl_d
Stock,ipoa
Stock,ipoa-u
Stock,ipoa-ws
Stock,ipos
Stock,ipwr
Stock,ipxl
Stock,iqdg
Stock,iqi
Stock,ir
Stock,irbt
Stock,ircp
Stock,irdm
Stock,irdmb
Stock,iret
Stock,iret_b-cl
Stock,iret_c
Stock,irix
Stock,irl
Stock,irlr
Stock,irm
Stock,irmd
Stock,iroq
Stock,irr
Stock,irs
Stock,irt
Stock,irtc
Stock,irwd
Stock,isbc
Stock,isca
Stock,isd
Stock,isdr
Stock,isf
Stock,isg
Stock,isig
Stock,isl
Stock,ism
Stock,ismd
Stock,isns
Stock,isp-cl
Stock,isr
Stock,isrg
Stock,isrl
Stock,issc
Stock,istr
Stock,isze
Stock,it
Stock,itcb
Stock,itci
Stock,itek
Stock,iteq
Stock,itg
Stock,itgr
Stock,iti
Stock,itic
Stock,itri
Stock,itrn
Stock,itt
Stock,itub
Stock,itus
Stock,itw
Stock,ivac
Stock,ival
Stock,ivc
Stock,ivenc
Stock,ivfgc
Stock,ivfvc
Stock,ivh
Stock,ivlu
Stock,ivr
Stock,ivr_a
Stock,ivr_b
Stock,ivr_c
Stock,ivty
Stock,ivz
Stock,ix
Stock,ixys
Stock,iyld
Stock,izea
Stock,jack
Stock,jag
Stock,jagx
Stock,jakk
Stock,jasn
Stock,jasnw
Stock,jaso
Stock,jax
Stock,jazz
Stock,jbgs
Stock,jbht
Stock,jbk
Stock,jbl
Stock,jblu
Stock,jbn
Stock,jbr
Stock,jbss
Stock,jbt
Stock,jcap
Stock,jce
Stock,jci
Stock,jco
Stock,jcom
Stock,jcp
Stock,jcs
Stock,jctcf
Stock,jd
Stock,jdd
Stock,jdiv
Stock,je
Stock,je_a
Stock,jec
Stock,jeld
Stock,jemd
Stock,jeq
Stock,jets
Stock,jfr
Stock,jgh
Stock,jha
Stock,jhb
Stock,jhd
Stock,jhg
Stock,jhi
Stock,jhma
Stock,jhmc
Stock,jhmd
Stock,jhme
Stock,jhmf
Stock,jhmh
Stock,jhmi
Stock,jhml
Stock,jhmm
Stock,jhms
Stock,jhmt
Stock,jhmu
Stock,jhs
Stock,jhsc
Stock,jhx
Stock,jhy
Stock,jill
Stock,jjsf
Stock,jkhy
Stock,jks
Stock,jll
Stock,jls
Stock,jmba
Stock,jmei
Stock,jmf
Stock,jmlp
Stock,jmm
Stock,jmom
Stock,jmp
Stock,jmpb
Stock,jmpc
Stock,jmt
Stock,jmu
Stock,jnce
Stock,jnj
Stock,jnp
Stock,jnpr
Stock,job
Stock,jobs
Stock,joe
Stock,jof
Stock,jone
Stock,jout
Stock,jp
Stock,jpc
Stock,jpeh
Stock,jpem
Stock,jpeu
Stock,jpgb
Stock,jphf
Stock,jphy
Stock,jpi
Stock,jpih
Stock,jpin
Stock,jpm
Stock,jpm-ws
Stock,jpm_a
Stock,jpm_b
Stock,jpm_d
Stock,jpm_d-cl
Stock,jpm_e
Stock,jpm_f
Stock,jpm_g
Stock,jpm_h
Stock,jpme
Stock,jpn
Stock,jps
Stock,jpse
Stock,jpst
Stock,jpt
Stock,jpus
Stock,jpxn
Stock,jqc
Stock,jri
Stock,jrjc
Stock,jrjr
Stock,jro
Stock,jrs
Stock,jrvr
Stock,jsd
Stock,jsm
Stock,jsmd
Stock,jsml
Stock,jsyn
Stock,jsynr
Stock,jsynu
Stock,jsynw
Stock,jta
Stock,jtd
Stock,jtpy
Stock,juno
Stock,jva
Stock,jw-a
Stock,jw-b
Stock,jwn
Stock,jxsb
Stock,jynt
Stock,k
Stock,kaac
Stock,kaacu
Stock,kaacw
Stock,kai
Stock,kala
Stock,kalu
Stock,kalv
Stock,kamn
Stock,kang
Stock,kap
Stock,kar
Stock,kb
Stock,kbal
Stock,kbh
Stock,kblm
Stock,kblmr
Stock,kblmu
Stock,kblmw
Stock,kbr
Stock,kbsf
Stock,kbwb
Stock,kbwd
Stock,kbwy
Stock,kcap
Stock,kcapl
Stock,kcny
Stock,kdmn
Stock,ke
Stock,ked
Stock,keg
Stock,kelya
Stock,kelyb
Stock,kem
Stock,kemp
Stock,kemq
Stock,ken
Stock,kep
Stock,kequ
Stock,kerx
Stock,kex
Stock,key
Stock,key_i
Stock,keys
Stock,keyw
Stock,kf
Stock,kffb
Stock,kfn_
Stock,kfrc
Stock,kfs
Stock,kfy
Stock,kgc
Stock,kgji
Stock,kgrn
Stock,khc
Stock,kids
Stock,kim
Stock,kim_i
Stock,kim_j
Stock,kim_k
Stock,kim_l
Stock,kin
Stock,kins
Stock,kio
Stock,kior
Stock,kiorw
Stock,kiq
Stock,kirk
Stock,kkr
Stock,kkr_a
Stock,kkr_b
Stock,kl
Stock,klac
Stock,kldw
Stock,kldx
Stock,klic
Stock,klxi
Stock,kmb
Stock,kmda
Stock,kmf
Stock,kmg
Stock,kmi
Stock,kmi_a
Stock,kmm
Stock,kmpa
Stock,kmph
Stock,kmpr
Stock,kmt
Stock,kmx
Stock,kn
Stock,knd
Stock,kndi
Stock,knl
Stock,knop
Stock,knsl
Stock,knx
Stock,ko
Stock,kodk
Stock,kodk-ws
Stock,kodk-ws-a
Stock,kof
Stock,kona
Stock,kone
Stock,kool
Stock,kop
Stock,kopn
Stock,kor
Stock,kors
Stock,kos
Stock,koss
Stock,kpti
Stock,kr
Stock,kra
Stock,krc
Stock,kref
Stock,krg
Stock,krma
Stock,krnt
Stock,krny
Stock,kro
Stock,krp
Stock,krys
Stock,ks
Stock,ksa
Stock,ksm
Stock,kss
Stock,kst
Stock,ksu
Stock,ksu_
Stock,kt
Stock,ktcc
Stock,ktec
Stock,ktf
Stock,kth
Stock,ktn
Stock,ktos
Stock,ktov
Stock,ktovw
Stock,ktp
Stock,ktwo
Stock,kura
Stock,kvhi
Stock,kw
Stock,kweb
Stock,kwn
Stock,kwn-cl
Stock,kwr
Stock,kye
Stock,kyn
Stock,kyn_f
Stock,kyo
Stock,l
Stock,labl
Stock,lad
Stock,ladr
Stock,lake
Stock,lamr
Stock,lanc
Stock,land
Stock,landp
Stock,laq
Stock,lare
Stock,lark
Stock,laur
Stock,laws
Stock,layn
Stock,laz
Stock,lb
Stock,lbai
Stock,lbdc
Stock,lbix
Stock,lbrda
Stock,lbrdk
Stock,lbtya
Stock,lbtyb
Stock,lbtyk
Stock,lby
Stock,lc
Stock,lca
Stock,lcahu
Stock,lcahw
Stock,lci
Stock,lcii
Stock,lcm
Stock,lcnb
Stock,lcut
Stock,ldf
Stock,ldl
Stock,ldos
Stock,ldp
Stock,ldr
Stock,le
Stock,lea
Stock,lead
Stock,leco
Stock,leds
Stock,lee
Stock,leg
Stock,leju
Stock,len
Stock,len-b
Stock,lens
Stock,leo
Stock,leu
Stock,lexea
Stock,lexeb
Stock,lfc
Stock,lfeq
Stock,lfgr
Stock,lfus
Stock,lfvn
Stock,lgcy
Stock,lgcyo
Stock,lgcyp
Stock,lgf-a
Stock,lgf-b
Stock,lgi
Stock,lgih
Stock,lgl
Stock,lglr
Stock,lgnd
Stock,lh
Stock,lhcg
Stock,lho
Stock,lho_i
Stock,lho_j
Stock,life
Stock,lii
Stock,lila
Stock,lilak
Stock,linc
Stock,lind
Stock,lindw
Stock,link
Stock,linu
Stock,lion
Stock,liqt
Stock,litb
Stock,lite
Stock,live
Stock,livn
Stock,ljpc
Stock,lkfn
Stock,lkor
Stock,lkq
Stock,lksd
Stock,ll
Stock,llex
Stock,llit
Stock,lll
Stock,llnw
Stock,llqd
Stock,lly
Stock,lm
Stock,lmat
Stock,lmb
Stock,lmfa
Stock,lmfaw
Stock,lmha
Stock,lmhb
Stock,lmnr
Stock,lmnx
Stock,lmos
Stock,lmrk
Stock,lmrko
Stock,lmrkp
Stock,lmt
Stock,ln
Stock,lnc
Stock,lnc-ws
Stock,lnce
Stock,lnd
Stock,lndc
Stock,lng
Stock,lngr
Stock,lnn
Stock,lnt
Stock,lnth
Stock,loan
Stock,lob
Stock,loco
Stock,lode
Stock,logi
Stock,logm
Stock,logo
Stock,loma
Stock,lone
Stock,lope
Stock,lor
Stock,lorl
Stock,lov
Stock,lovw
Stock,low
Stock,loxo
Stock,lpcn
Stock,lpg
Stock,lpi
Stock,lpl
Stock,lpla
Stock,lpnt
Stock,lpsn
Stock,lpt
Stock,lpth
Stock,lptx
Stock,lpx
Stock,lq
Stock,lqdt
Stock,lrad
Stock,lrcx
Stock,lret
Stock,lrge
Stock,lrn
Stock,lsbk
Stock,lscc
Stock,lsi
Stock,lstr
Stock,lsvx
Stock,lsxma
Stock,lsxmb
Stock,lsxmk
Stock,ltbr
Stock,ltc
Stock,ltea
Stock,ltm
Stock,ltrpa
Stock,ltrpb
Stock,ltrx
Stock,lts
Stock,lts_a
Stock,ltxb
Stock,lub
Stock,luk
Stock,lulu
Stock,luna
Stock,luv
Stock,lvhb
Stock,lvhd
Stock,lvhe
Stock,lvhi
Stock,lvin
Stock,lvlt
Stock,lvnta
Stock,lvntb
Stock,lvs
Stock,lvus
Stock,lw
Stock,lway
Stock,lxfr
Stock,lxft
Stock,lxp
Stock,lxp_c
Stock,lxrx
Stock,lxu
Stock,lyb
Stock,lyg
Stock,lyl
Stock,lyts
Stock,lyv
Stock,lzb
Stock,m
Stock,ma
Stock,maa
Stock,maa_i
Stock,mab
Stock,mac
Stock,mack
Stock,macq
Stock,macqu
Stock,macqw
Stock,mag
Stock,maga
Stock,mags
Stock,main
Stock,mams
Stock,man
Stock,manh
Stock,mant
Stock,manu
Stock,mar
Stock,mara
Stock,mark
Stock,marps
Stock,mas
Stock,masi
Stock,mat
Stock,matf
Stock,matr
Stock,matw
Stock,matx
Stock,mav
Stock,maxr
Stock,mays
Stock,mb
Stock,mbcn
Stock,mbfi
Stock,mbfip
Stock,mbi
Stock,mbii
Stock,mbin
Stock,mbio
Stock,mbot
Stock,mbrx
Stock,mbt
Stock,mbtf
Stock,mbuu
Stock,mbvx
Stock,mbwm
Stock,mc
Stock,mca
Stock,mcb
Stock,mcbc
Stock,mcc
Stock,mcd
Stock,mcef
Stock,mcep
Stock,mcf
Stock,mcft
Stock,mchp
Stock,mchx
Stock,mci
Stock,mck
Stock,mcn
Stock,mco
Stock,mcr
Stock,mcrb
Stock,mcri
Stock,mcrn
Stock,mcs
Stock,mcv
Stock,mcx
Stock,mcy
Stock,md
Stock,mdb
Stock,mdc
Stock,mdca
Stock,mdco
Stock,mdgl
Stock,mdgs
Stock,mdlq
Stock,mdlx
Stock,mdly
Stock,mdlz
Stock,mdp
Stock,mdr
Stock,mdrx
Stock,mdso
Stock,mdt
Stock,mdu
Stock,mdvx
Stock,mdvxw
Stock,mdwd
Stock,mdxg
Stock,mear
Stock,med
Stock,medp
Stock,meet
Stock,mei
Stock,meip
Stock,meli
Stock,melr
Stock,men
Stock,menu
Stock,meoh
Stock,mer_k
Stock,mer_p
Stock,merc
Stock,meso
Stock,met
Stock,met_a
Stock,metc
Stock,mexx
Stock,mfa
Stock,mfa_b
Stock,mfc
Stock,mfcb
Stock,mfdx
Stock,mfem
Stock,mfg
Stock,mfgp
Stock,mfin
Stock,mfinl
Stock,mfl
Stock,mfm
Stock,mfnc
Stock,mfo
Stock,mfsf
Stock,mft
Stock,mfus
Stock,mfv
Stock,mg
Stock,mga
Stock,mgcd
Stock,mgee
Stock,mgen
Stock,mgf
Stock,mgi
Stock,mgic
Stock,mgln
Stock,mgm
Stock,mgnx
Stock,mgp
Stock,mgpi
Stock,mgrc
Stock,mgu
Stock,mgyr
Stock,mh_a
Stock,mh_c
Stock,mh_d
Stock,mhd
Stock,mhe
Stock,mhf
Stock,mhh
Stock,mhi
Stock,mhk
Stock,mhla
Stock,mhld
Stock,mhn
Stock,mhnc
Stock,mho
Stock,mic
Stock,micr
Stock,mict
Stock,mictw
Stock,midd
Stock,mie
Stock,miii
Stock,miiiu
Stock,miiiw
Stock,mik
Stock,miln
Stock,mime
Stock,min
Stock,mind
Stock,mindp
Stock,mini
Stock,mitk
Stock,mitl
Stock,mitt
Stock,mitt_a
Stock,mitt_b
Stock,miw
Stock,mixt
Stock,miy
Stock,mjco
Stock,mkc
Stock,mkc-v
Stock,mkl
Stock,mksi
Stock,mktx
Stock,mlab
Stock,mlco
Stock,mlhr
Stock,mli
Stock,mlm
Stock,mlnk
Stock,mlnt
Stock,mlnx
Stock,mlp
Stock,mlpb
Stock,mlpq
Stock,mlpz
Stock,mlqd
Stock,mlr
Stock,mlss
Stock,mlti
Stock,mlvf
Stock,mmac
Stock,mmc
Stock,mmd
Stock,mmdm
Stock,mmdmr
Stock,mmdmu
Stock,mmdmw
Stock,mmi
Stock,mmit
Stock,mmlp
Stock,mmm
Stock,mmp
Stock,mms
Stock,mmsi
Stock,mmt
Stock,mmu
Stock,mmv
Stock,mmyt
Stock,mn
Stock,mndo
Stock,mne
Stock,mnga
Stock,mni
Stock,mnk
Stock,mnkd
Stock,mnov
Stock,mnp
Stock,mnr
Stock,mnr_c
Stock,mnro
Stock,mnst
Stock,mnta
Stock,mntx
Stock,mo
Stock,mobl
Stock,moc
Stock,mod
Stock,modn
Stock,mofg
Stock,mog-a
Stock,mog-b
Stock,moglc
Stock,moh
Stock,momo
Stock,mon
Stock,morn
Stock,mos
Stock,mosc-u
Stock,mosy
Stock,moti
Stock,mov
Stock,moxc
Stock,mp_d
Stock,mpa
Stock,mpaa
Stock,mpac
Stock,mpacu
Stock,mpacw
Stock,mpb
Stock,mpc
Stock,mpct
Stock,mplx
Stock,mpo
Stock,mpv
Stock,mpvd
Stock,mpw
Stock,mpwr
Stock,mpx
Stock,mqt
Stock,mqy
Stock,mram
Stock,mrbk
Stock,mrc
Stock,mrcc
Stock,mrcy
Stock,mrdn
Stock,mrdnw
Stock,mrin
Stock,mrk
Stock,mrln
Stock,mrns
Stock,mro
Stock,mrrl
Stock,mrsn
Stock,mrt
Stock,mrtn
Stock,mrtx
Stock,mrus
Stock,mrvl
Stock,ms
Stock,ms_a
Stock,ms_e
Stock,ms_f
Stock,ms_g
Stock,ms_i
Stock,ms_k
Stock,msa
Stock,msb
Stock,msbf
Stock,msbi
Stock,msca
Stock,mscc
Stock,msci
Stock,msd
Stock,msdi
Stock,msdiw
Stock,msex
Stock,msf
Stock,msfg
Stock,msft
Stock,msg
Stock,msgn
Stock,msi
Stock,msl
Stock,msm
Stock,msn
Stock,mson
Stock,msp
Stock,mstr
Stock,mt
Stock,mtb
Stock,mtb-ws
Stock,mtb_
Stock,mtb_c
Stock,mtbc
Stock,mtbcp
Stock,mtch
Stock,mtd
Stock,mtdr
Stock,mtem
Stock,mtex
Stock,mtfb
Stock,mtfbw
Stock,mtg
Stock,mtge
Stock,mtgep
Stock,mth
Stock,mtl
Stock,mtl_
Stock,mtls
Stock,mtn
Stock,mtnb
Stock,mtor
Stock,mtp
Stock,mtr
Stock,mtrn
Stock,mtrx
Stock,mtsc
Stock,mtsi
Stock,mtsl
Stock,mtt
Stock,mtu
Stock,mtw
Stock,mtx
Stock,mtz
Stock,mu
Stock,mua
Stock,muc
Stock,mue
Stock,muh
Stock,mui
Stock,muj
Stock,mule
Stock,mur
Stock,mus
Stock,musa
Stock,mux
Stock,mvc
Stock,mvcb
Stock,mvf
Stock,mvin
Stock,mvis
Stock,mvo
Stock,mvt
Stock,mwa
Stock,mx
Stock,mxc
Stock,mxdu
Stock,mxe
Stock,mxf
Stock,mxim
Stock,mxl
Stock,mxwl
Stock,myc
Stock,myd
Stock,mye
Stock,myf
Stock,mygn
Stock,myi
Stock,myj
Stock,myl
Stock,myn
Stock,mynd
Stock,myndw
Stock,myo
Stock,myok
Stock,myos
Stock,myov
Stock,myrg
Stock,mysz
Stock,mza
Stock,mzf
Stock,mzor
Stock,nac
Stock,nad
Stock,naii
Stock,nail
Stock,nak
Stock,nakd
Stock,
Stock,nano
Stock,nanr
Stock,nao
Stock,naov
Stock,nap
Stock,nat
Stock,nath
Stock,nati
Stock,natr
Stock,nauh
Stock,nav
Stock,nav_d
Stock,navb
Stock,navg
Stock,navi
Stock,naz
Stock,nbb
Stock,nbd
Stock,nbev
Stock,nbh
Stock,nbhc
Stock,nbix
Stock,nbl
Stock,nblx
Stock,nbn
Stock,nbo
Stock,nbr
Stock,nbrv
Stock,nbtb
Stock,nbw
Stock,nby
Stock,nc
Stock,nca
Stock,ncb
Stock,ncbs
Stock,nci
Stock,nclh
Stock,ncmi
Stock,ncna
Stock,ncom
Stock,ncr
Stock,ncs
Stock,ncsm
Stock,ncty
Stock,ncv
Stock,ncz
Stock,ndaq
Stock,ndls
Stock,ndp
Stock,ndra
Stock,ndraw
Stock,ndrm
Stock,ndro
Stock,ndsn
Stock,ne
Stock,nea
Stock,nee
Stock,nee_c
Stock,nee_c-cl
Stock,nee_g-cl
Stock,nee_h-cl
Stock,nee_i
Stock,nee_j
Stock,nee_k
Stock,nee_q
Stock,nee_r
Stock,nem
Stock,nen
Stock,neo
Stock,neog
Stock,neon
Stock,neos
Stock,neot
Stock,nep
Stock,nept
Stock,nerv
Stock,nes
Stock,nesr
Stock,nesrw
Stock,nete
Stock,nets
Stock,neu
Stock,nev
Stock,newa
Stock,newm
Stock,newr
Stock,news
Stock,newt
Stock,newtl
Stock,newtz
Stock,nexa
Stock,next
Stock,nextw
Stock,nfbk
Stock,nfec
Stock,nfg
Stock,nfj
Stock,nflt
Stock,nflx
Stock,nfx
Stock,ng
Stock,ngd
Stock,ngg
Stock,nghc
Stock,nghcn
Stock,nghco
Stock,nghcp
Stock,nghcz
Stock,ngl
Stock,ngl_b
Stock,ngls_a
Stock,ngs
Stock,ngvc
Stock,ngvt
Stock,nh
Stock,nha
Stock,nhc
Stock,nhf
Stock,nhi
Stock,nhld
Stock,nhldw
Stock,nhs
Stock,nhtc
Stock,ni
Stock,nice
Stock,nick
Stock,nid
Stock,nie
Stock,nihd
Stock,nim
Stock,niq
Stock,nite
Stock,njr
Stock,njv
Stock,nk
Stock,nke
Stock,nkg
Stock,nksh
Stock,nktr
Stock,nkx
Stock,nl
Stock,nlnk
Stock,nls
Stock,nlsn
Stock,nlst
Stock,nly
Stock,nly_c
Stock,nly_d
Stock,nly_e
Stock,nly_f
Stock,nm
Stock,nm_g
Stock,nm_h
Stock,nmfc
Stock,nmi
Stock,nmih
Stock,nmk_b
Stock,nmk_c
Stock,nml
Stock,nmm
Stock,nmr
Stock,nmrx
Stock,nms
Stock,nmt
Stock,nmy
Stock,nmz
Stock,nna
Stock,nnbr
Stock,nnc
Stock,nndm
Stock,nni
Stock,nnn
Stock,nnn_e
Stock,nnn_f
Stock,nnvc
Stock,nny
Stock,noa
Stock,noah
Stock,noc
Stock,nodk
Stock,nog
Stock,nok
Stock,nom
Stock,nomd
Stock,nov
Stock,novn
Stock,novt
Stock,now
Stock,np
Stock,npk
Stock,npn
Stock,npo
Stock,nptn
Stock,npv
Stock,nq
Stock,nqp
Stock,nr
Stock,nrcia
Stock,nrcib
Stock,nre
Stock,nrg
Stock,nrim
Stock,nrk
Stock,nro
Stock,nrp
Stock,nrt
Stock,nrz
Stock,ns
Stock,ns_a
Stock,ns_b
Stock,nsa
Stock,nsa_a
Stock,nsc
Stock,nsec
Stock,nsh
Stock,nsit
Stock,nsl
Stock,nsm
Stock,nsp
Stock,nspr
Stock,nspr-ws
Stock,nspr-ws-b
Stock,nss
Stock,nssc
Stock,nstg
Stock,nsu
Stock,nsys
Stock,ntap
Stock,ntb
Stock,ntc
Stock,ntct
Stock,ntec
Stock,ntes
Stock,ntg
Stock,ntgr
Stock,ntic
Stock,ntip
Stock,ntl
Stock,ntla
Stock,ntn
Stock,ntnx
Stock,ntp
Stock,ntra
Stock,ntri
Stock,ntrp
Stock,ntrs
Stock,ntrsp
Stock,ntwk
Stock,ntx
Stock,ntz
Stock,nuag
Stock,nuan
Stock,nubd
Stock,nudm
Stock,nue
Stock,nuem
Stock,nulg
Stock,nulv
Stock,num
Stock,numg
Stock,numv
Stock,nuo
Stock,nure
Stock,nuro
Stock,nurow
Stock,nus
Stock,nusa
Stock,nusc
Stock,nuv
Stock,nuva
Stock,nuw
Stock,nvax
Stock,nvcn
Stock,nvcr
Stock,nvda
Stock,nvec
Stock,nvee
Stock,nvfy
Stock,nvg
Stock,nvgn
Stock,nvgs
Stock,nviv
Stock,nvln
Stock,nvmi
Stock,nvo
Stock,nvr
Stock,nvro
Stock,nvs
Stock,nvta
Stock,nvtr
Stock,nvus
Stock,nw_c-cl
Stock,nwbi
Stock,nwe
Stock,nwfl
Stock,nwhm
Stock,nwl
Stock,nwli
Stock,nwn
Stock,nwpx
Stock,nws
Stock,nwsa
Stock,nwy
Stock,nx
Stock,nxc
Stock,nxe
Stock,nxeo
Stock,nxeou
Stock,nxeow
Stock,nxj
Stock,nxn
Stock,nxp
Stock,nxpi
Stock,nxq
Stock,nxr
Stock,nxrt
Stock,nxst
Stock,nxtd
Stock,nxtdw
Stock,nxtm
Stock,nycb
Stock,nycb_a
Stock,nycb_u
Stock,nyh
Stock,nyld
Stock,nyld-a
Stock,nymt
Stock,nymtn
Stock,nymto
Stock,nymtp
Stock,nymx
Stock,nyny
Stock,nyrt
Stock,nyt
Stock,nyv
Stock,nzf
Stock,o
Stock,oa
Stock,oacq
Stock,oacqr
Stock,oacqu
Stock,oacqw
Stock,oak
Stock,oaks
Stock,oaks_a
Stock,oaph
Stock,oas
Stock,oasi
Stock,oasm
Stock,obas
Stock,obci
Stock,obe
Stock,obln
Stock,obor
Stock,obsv
Stock,oc
Stock,occ
Stock,ocfc
Stock,ocio
Stock,ocip
Stock,oclr
Stock,ocn
Stock,ocrx
Stock,ocsi
Stock,ocsl
Stock,ocsll
Stock,ocul
Stock,ocx
Stock,odc
Stock,odfl
Stock,odp
Stock,oec
Stock,oesx
Stock,oeuh
Stock,oeur
Stock,oew
Stock,ofc
Stock,ofed
Stock,ofg
Stock,ofg_a
Stock,ofg_b
Stock,ofg_d
Stock,ofix
Stock,oflx
Stock,ofs
Stock,ogcp
Stock,oge
Stock,ogen
Stock,ogs
Stock,ohai
Stock,ohgi
Stock,ohi
Stock,ohrp
Stock,oi
Stock,oia
Stock,oibr-c
Stock,oii
Stock,oiil
Stock,oiim
Stock,oilb
Stock,oild
Stock,oilk
Stock,oilu
Stock,oilx
Stock,ois
Stock,oke
Stock,oksb
Stock,okta
Stock,olbk
Stock,old
Stock,oled
Stock,olli
Stock,oln
Stock,olp
Stock,omaa
Stock,omab
Stock,omam
Stock,omc
Stock,omcl
Stock,ome
Stock,omed
Stock,omer
Stock,omex
Stock,omf
Stock,omfl
Stock,omfs
Stock,omi
Stock,omn
Stock,omnt
Stock,omp
Stock,on
Stock,onb
Stock,once
Stock,oncs
Stock,ondk
Stock,oneo
Stock,onev
Stock,oney
Stock,onp
Stock,ons
Stock,onsiw
Stock,onsiz
Stock,ontl
Stock,ontx
Stock,ontxw
Stock,onvi
Stock,onvo
Stock,ooma
Stock,opb
Stock,opgn
Stock,opgnw
Stock,ophc
Stock,opht
Stock,opk
Stock,opnt
Stock,opof
Stock,opp
Stock,optn
Stock,optt
Stock,opy
Stock,or
Stock,ora
Stock,oran
Stock,orbc
Stock,orbk
Stock,orc
Stock,orcl
Stock,orex
Stock,org
Stock,ori
Stock,orig
Stock,orit
Stock,orly
Stock,orm
Stock,ormp
Stock,orn
Stock,orpn
Stock,orrf
Stock,osb
Stock,osbc
Stock,osbcp
Stock,osg
Stock,osis
Stock,osk
Stock,osle
Stock,osn
Stock,ospr
Stock,ospru
Stock,osprw
Stock,ostk
Stock,osur
Stock,otel
Stock,otex
Stock,otic
Stock,otiv
Stock,ottr
Stock,ottw
Stock,ousa
Stock,ousm
Stock,out
Stock,ovas
Stock,ovbc
Stock,ovid
Stock,ovly
Stock,oxbr
Stock,oxbrw
Stock,oxfd
Stock,oxlc
Stock,oxlcm
Stock,oxlco
Stock,oxm
Stock,oxy
Stock,ozm
Stock,ozrk
Stock,p
Stock,paa
Stock,paas
Stock,pac
Stock,pacb
Stock,pacw
Stock,pag
Stock,pagp
Stock,pah
Stock,pahc
Stock,pai
Stock,pam
Stock,panl
Stock,panw
Stock,par
Stock,parr
Stock,pati
Stock,patk
Stock,pave
Stock,pavm
Stock,pavmw
Stock,pay
Stock,payc
Stock,payx
Stock,pb
Stock,pba
Stock,pbb
Stock,pbbi
Stock,pbct
Stock,pbctp
Stock,pbdm
Stock,pbee
Stock,pbf
Stock,pbfx
Stock,pbh
Stock,pbhc
Stock,pbi
Stock,pbi_b
Stock,pbib
Stock,pbip
Stock,pbmd
Stock,pbnc
Stock,pbnd
Stock,pbpb
Stock,pbr
Stock,pbr-a
Stock,pbsk
Stock,pbsm
Stock,pbt
Stock,pbus
Stock,pbyi
Stock,pcar
Stock,pcbk
Stock,pcf
Stock,pcg
Stock,pcg_a
Stock,pcg_b
Stock,pcg_c
Stock,pcg_d
Stock,pcg_e
Stock,pcg_g
Stock,pcg_h
Stock,pcg_i
Stock,pch
Stock,pci
Stock,pck
Stock,pcln
Stock,pcm
Stock,pcmi
Stock,pcn
Stock,pco
Stock,pcom
Stock,pcq
Stock,pcrx
Stock,pcsb
Stock,pcti
Stock,pcty
Stock,pcyg
Stock,pcyo
Stock,pdce
Stock,pdco
Stock,pdex
Stock,pdfs
Stock,pdi
Stock,pdlb
Stock,pdli
Stock,pdm
Stock,pdp
Stock,pds
Stock,pdt
Stock,pdvw
Stock,pe
Stock,peb
Stock,peb_c
Stock,peb_d
Stock,pebk
Stock,pebo
Stock,ped
Stock,peg
Stock,pega
Stock,pegi
Stock,pei
Stock,pei_b
Stock,pei_c
Stock,pei_d
Stock,peix
Stock,pen
Stock,penn
Stock,peo
Stock,pep
Stock,per
Stock,peri
Stock,pery
Stock,pes
Stock,pesi
Stock,petq
Stock,pets
Stock,petx
Stock,petz
Stock,pf
Stock,pfbc
Stock,pfbi
Stock,pfbx
Stock,pfd
Stock,pfe
Stock,pffd
Stock,pffr
Stock,pfg
Stock,pfgc
Stock,pfh
Stock,pfi
Stock,pfie
Stock,pfin
Stock,pfis
Stock,pfk
Stock,pfl
Stock,pflt
Stock,pfmt
Stock,pfn
Stock,pfnx
Stock,pfo
Stock,pfpt
Stock,pfs
Stock,pfsi
Stock,pfsw
Stock,pg
Stock,pgc
Stock,pgem
Stock,pgh
Stock,pglc
Stock,pgnx
Stock,pgp
Stock,pgr
Stock,pgre
Stock,pgti
Stock,pgz
Stock,ph
Stock,phd
Stock,phg
Stock,phh
Stock,phi
Stock,phii
Stock,phiik
Stock,phk
Stock,phm
Stock,pho
Stock,pht
Stock,phx
Stock,phys
Stock,pi
Stock,pico
Stock,pid
Stock,pih
Stock,pii
Stock,pim
Stock,pinc
Stock,pir
Stock,pirs
Stock,pixy
Stock,piy
Stock,piz
Stock,pjc
Stock,pjh
Stock,pjt
Stock,pk
Stock,pkbk
Stock,pkd
Stock,pke
Stock,pkg
Stock,pki
Stock,pko
Stock,pkoh
Stock,pkw
Stock,pkx
Stock,pky
Stock,plab
Stock,play
Stock,plbc
Stock,plce
Stock,pld
Stock,plg
Stock,plm
Stock,plnt
Stock,plow
Stock,plpc
Stock,plpm
Stock,plse
Stock,plt
Stock,plug
Stock,plus
Stock,plw
Stock,plx
Stock,plxp
Stock,plxs
Stock,plya
Stock,plym
Stock,plym_a
Stock,pm
Stock,pmbc
Stock,pmc
Stock,pmd
Stock,pme
Stock,pmf
Stock,pml
Stock,pmm
Stock,pmo
Stock,pmom
Stock,pmpt
Stock,pmt
Stock,pmt_a
Stock,pmt_b
Stock,pmts
Stock,pmx
Stock,pn
Stock,pnbk
Stock,pnc
Stock,pnc-ws
Stock,pnc_p
Stock,pnc_q
Stock,pnf
Stock,pnfp
Stock,pni
Stock,pnk
Stock,pnm
Stock,pnnt
Stock,pnr
Stock,pnrg
Stock,pntr
Stock,pnw
Stock,podd
Stock,pol
Stock,pola
Stock,pool
Stock,pope
Stock,por
Stock,post
Stock,pot
Stock,powi
Stock,powl
Stock,ppbi
Stock,ppc
Stock,ppdf
Stock,ppg
Stock,pphm
Stock,pphmp
Stock,ppih
Stock,ppl
Stock,ppln
Stock,ppr
Stock,ppsi
Stock,ppt
Stock,ppx
Stock,pq
Stock,pqg
Stock,pra
Stock,praa
Stock,prah
Stock,pran
Stock,prcp
Stock,pre_f
Stock,pre_g
Stock,pre_h
Stock,pre_i
Stock,pref
Stock,prft
Stock,prgo
Stock,prgs
Stock,prgx
Stock,prh
Stock,pri
Stock,prim
Stock,prk
Stock,prkr
Stock,prlb
Stock,prme
Stock,prmw
Stock,prnt
Stock,pro
Stock,prov
Stock,prph
Stock,prpo
Stock,prqr
Stock,prsc
Stock,prss
Stock,prta
Stock,prtk
Stock,prto
Stock,prts
Stock,prty
Stock,pru
Stock,psa
Stock,psa_a
Stock,psa_b
Stock,psa_c
Stock,psa_d
Stock,psa_e
Stock,psa_f
Stock,psa_g
Stock,psa_u
Stock,psa_v
Stock,psa_w
Stock,psa_x
Stock,psa_y
Stock,psa_z
Stock,psb
Stock,psb_t
Stock,psb_u
Stock,psb_v
Stock,psb_w
Stock,psb_x
Stock,psc
Stock,psdo
Stock,psdv
Stock,psec
Stock,pset
Stock,psf
Stock,psl
Stock,pslv
Stock,psmb
Stock,psmc
Stock,psmg
Stock,psmm
Stock,psmt
Stock,pso
Stock,pstb
Stock,pstg
Stock,psti
Stock,psx
Stock,psxp
Stock,ptc
Stock,ptct
Stock,pten
Stock,pteu
Stock,ptf
Stock,ptgx
Stock,pth
Stock,pti
Stock,ptie
Stock,ptla
Stock,ptlc
Stock,ptmc
Stock,ptn
Stock,ptnq
Stock,ptnr
Stock,ptr
Stock,ptsi
Stock,ptx
Stock,pty
Stock,pub
Stock,pui
Stock,puk
Stock,puk_
Stock,puk_a
Stock,pulm
Stock,pump
Stock,putw
Stock,pvac
Stock,pval
Stock,pvbc
Stock,pvg
Stock,pvh
Stock,pw
Stock,pw_a
Stock,pwod
Stock,pwr
Stock,px
Stock,pxd
Stock,pxi
Stock,pxlw
Stock,pxs
Stock,py
Stock,pyds
Stock,pyn
Stock,pypl
Stock,pys
Stock,pyt
Stock,pyz
Stock,pzc
Stock,pze
Stock,pzg
Stock,pzn
Stock,pzrx
Stock,pzza
Stock,q
Stock,qada
Stock,qadb
Stock,qbak
Stock,qcom
Stock,qcp
Stock,qcrh
Stock,qd
Stock,qdel
Stock,qep
Stock,qgen
Stock,qgta
Stock,qhc
Stock,qiwi
Stock,qlc
Stock,qlys
Stock,qmom
Stock,qnst
Stock,qqqx
Stock,qrhc
Stock,qrvo
Stock,qsii
Stock,qsr
Stock,qtm
Stock,qtna
Stock,qtnt
Stock,qtrh
Stock,qts
Stock,qtwo
Stock,quad
Stock,quik
Stock,qumu
Stock,quot
Stock,qure
Stock,qval
Stock,qvca
Stock,qvcb
Stock,qvm
Stock,qxgg
Stock,qxmi
Stock,qxrr
Stock,qxtr
Stock,r
Stock,ra
Stock,race
Stock,rad
Stock,rada
Stock,rail
Stock,rand
Stock,rare
Stock,rarx
Stock,ras
Stock,ras_a
Stock,ras_b
Stock,ras_c
Stock,rate
Stock,rave
Stock,ravn
Stock,rba
Stock,rbb
Stock,rbc
Stock,rbcaa
Stock,rbcn
Stock,rbin
Stock,rbpaa
Stock,rbs
Stock,rbs_s
Stock,rbus
Stock,rcg
Stock,rci
Stock,rcii
Stock,rcky
Stock,rcl
Stock,rcm
Stock,rcmt
Stock,rcom
Stock,rcon
Stock,rcs
Stock,rdc
Stock,rdcm
Stock,rdfn
Stock,rdhl
Stock,rdi
Stock,rdib
Stock,rdn
Stock,rdnt
Stock,rds-a
Stock,rds-b
Stock,rdus
Stock,rdwr
Stock,rdy
Stock,re
Stock,recn
Stock,redu
Stock,reed
Stock,reem
Stock,refa
Stock,refr
Stock,reg
Stock,regi
Stock,regn
Stock,rei
Stock,reis
Stock,rell
Stock,relv
Stock,relx
Stock,rely
Stock,reml
Stock,ren
Stock,renn
Stock,renx
Stock,reph
Stock,res
Stock,resi
Stock,resn
Stock,reta
Stock,rev
Stock,revg
Stock,rex
Stock,rexr
Stock,rexr_a
Stock,rexx
Stock,rf
Stock,rf_a
Stock,rf_b
Stock,rfap
Stock,rfci
Stock,rfda
Stock,rfdi
Stock,rfem
Stock,rfeu
Stock,rffc
Stock,rfi
Stock,rfil
Stock,rfp
Stock,rft
Stock,rfta
Stock,rfun
Stock,rga
Stock,rgc
Stock,rgco
Stock,rgen
Stock,rglb
Stock,rgld
Stock,rgls
Stock,rgnx
Stock,rgr
Stock,rgs
Stock,rgse
Stock,rgt
Stock,rh
Stock,rhe
Stock,rhe_a
Stock,rhi
Stock,rhp
Stock,rht
Stock,ribt
Stock,ribtw
Stock,ric
Stock,rice
Stock,rick
Stock,rif
Stock,rig
Stock,rigl
Stock,rily
Stock,rilyl
Stock,rilyz
Stock,rio
Stock,riot
Stock,rise
Stock,riv
Stock,rivr
Stock,rivrw
Stock,rjf
Stock,rkda
Stock,rl
Stock,rlgt
Stock,rlgt_a
Stock,rlgy
Stock,rlh
Stock,rli
Stock,rlj
Stock,rlj_a
Stock,rlje
Stock,rlog
Stock,rm
Stock,rmax
Stock,rmbl
Stock,rmbs
Stock,rmcf
Stock,rmd
Stock,rmgn
Stock,rmni
Stock,rmniu
Stock,rmniw
Stock,rmp
Stock,rmpl_
Stock,rmr
Stock,rmt
Stock,rmti
Stock,rndb
Stock,rndm
Stock,rndv
Stock,rnem
Stock,rnet
Stock,rng
Stock,rngr
Stock,rnlc
Stock,rnmc
Stock,rnn
Stock,rnp
Stock,rnr
Stock,rnr_c
Stock,rnr_e
Stock,rnsc
Stock,rnst
Stock,rnva
Stock,rnvaz
Stock,rnwk
Stock,roam
Stock,rock
Stock,rodm
Stock,rog
Stock,rogs
Stock,roic
Stock,rok
Stock,roka
Stock,roku
Stock,rol
Stock,roll
Stock,rop
Stock,rore
Stock,rose
Stock,roseu
Stock,rosew
Stock,rosg
Stock,rost
Stock,rous
Stock,rox
Stock,royt
Stock,rp
Stock,rpai
Stock,rpai_a
Stock,rpai_a-cl
Stock,rpd
Stock,rpm
Stock,rprx
Stock,rpt
Stock,rpt_d
Stock,rpxc
Stock,rqi
Stock,rrc
Stock,rrd
Stock,rrgb
Stock,rrr
Stock,rrts
Stock,rs
Stock,rsg
Stock,rsls
Stock,rso
Stock,rso_a
Stock,rso_b
Stock,rso_c
Stock,rspp
Stock,rst
Stock,rsys
Stock,rt
Stock,rtec
Stock,rtix
Stock,rtk
Stock,rtn
Stock,rtnb
Stock,rtrx
Stock,rttr
Stock,rubi
Stock,run
Stock,rusha
Stock,rushb
Stock,ruth
Stock,rven
Stock,rvlt
Stock,rvnc
Stock,rvp
Stock,rvrs
Stock,rvsb
Stock,rvt
Stock,rwc
Stock,rwlk
Stock,rwt
Stock,rxdx
Stock,rxii
Stock,rxiiw
Stock,rxn
Stock,rxn_a
Stock,ry
Stock,ry_s-cl
Stock,ry_t
Stock,ryaay
Stock,ryam
Stock,ryam_a
Stock,ryb
Stock,ryi
Stock,ryn
Stock,rytm
Stock,rza
Stock,rzb
Stock,s
Stock,sa
Stock,sab
Stock,sabr
Stock,sach
Stock,saex
Stock,safe
Stock,safm
Stock,saft
Stock,sage
Stock,sah
Stock,saia
Stock,saic
Stock,sal
Stock,salm
Stock,salt
Stock,sam
Stock,samg
Stock,san
Stock,san_a
Stock,san_b
Stock,san_c
Stock,san_i
Stock,sand
Stock,sanm
Stock,sanw
Stock,sap
Stock,sar
Stock,sasr
Stock,sats
Stock,sauc
Stock,save
Stock,sb
Stock,sb_b
Stock,sb_c
Stock,sb_d
Stock,sbac
Stock,sbbc
Stock,sbbp
Stock,sbbx
Stock,sbcf
Stock,sbcp
Stock,sbfg
Stock,sbfgp
Stock,sbgi
Stock,sbgl
Stock,sbh
Stock,sbi
Stock,sblk
Stock,sblkl
Stock,sbna
Stock,sbnb
Stock,sbny
Stock,sbnyw
Stock,sbot
Stock,sbow
Stock,sbph
Stock,sbr
Stock,sbra
Stock,sbrap
Stock,sbs
Stock,sbsi
Stock,sbux
Stock,sc
Stock,sca
Stock,scac
Stock,scacu
Stock,scacw
Stock,scap
Stock,scco
Stock,scd
Stock,sce_b
Stock,sce_c
Stock,sce_d
Stock,sce_e
Stock,sce_g
Stock,sce_h
Stock,sce_j
Stock,sce_k
Stock,sce_l
Stock,scg
Stock,schk
Stock,schl
Stock,schn
Stock,schw
Stock,schw_b
Stock,schw_b-cl
Stock,schw_c
Stock,schw_d
Stock,sci
Stock,sckt
Stock,scl
Stock,scln
Stock,scm
Stock,scmp
Stock,scon
Stock,scs
Stock,scsc
Stock,scvl
Stock,scwx
Stock,scx
Stock,scyx
Stock,sd
Stock,sdlp
Stock,sdpi
Stock,sdr
Stock,sdrl
Stock,sdt
Stock,sdvy
Stock,se
Stock,seac
Stock,seas
Stock,seb
Stock,seco
Stock,sect
Stock,sedg
Stock,see
Stock,seed
Stock,seic
Stock,selb
Stock,self
Stock,sem
Stock,semg
Stock,senea
Stock,seneb
Stock,sens
Stock,sep
Stock,serv
Stock,sf
Stock,sf_a
Stock,sfb
Stock,sfbc
Stock,sfbs
Stock,sfe
Stock,sfhy
Stock,sfig
Stock,sfl
Stock,sfly
Stock,sfm
Stock,sfnc
Stock,sfr
Stock,sfs
Stock,sfst
Stock,sfun
Stock,sga
Stock,sgb
Stock,sgbx
Stock,sgc
Stock,sgen
Stock,sgf
Stock,sgh
Stock,sglb
Stock,sglbw
Stock,sgma
Stock,sgmo
Stock,sgms
Stock,sgoc
Stock,sgqi
Stock,sgrp
Stock,sgry
Stock,sgu
Stock,sgy
Stock,sgy-ws
Stock,sgyp
Stock,sgza
Stock,shag
Stock,shak
Stock,shbi
Stock,she
Stock,shen
Stock,shg
Stock,shi
Stock,ship
Stock,shipw
Stock,shld
Stock,shldw
Stock,shlm
Stock,shlo
Stock,shlx
Stock,shny
Stock,sho
Stock,sho_e
Stock,sho_f
Stock,shoo
Stock,shop
Stock,shos
Stock,shpg
Stock,shsp
Stock,shw
Stock,sid
Stock,sieb
Stock,sien
Stock,sif
Stock,sifi
Stock,sify
Stock,sig
Stock,sigi
Stock,sigm
Stock,silc
Stock,sim
Stock,simo
Stock,sina
Stock,sino
Stock,sir
Stock,siri
Stock,site
Stock,sito
Stock,sivb
Stock,sivbo
Stock,six
Stock,sji
Stock,sjm
Stock,sjr
Stock,sjt
Stock,sjw
Stock,skis
Stock,skln
Stock,skm
Stock,skt
Stock,skx
Stock,sky
Stock,skys
Stock,skyw
Stock,slab
Stock,slb
Stock,slca
Stock,slct
Stock,sld
Stock,slda
Stock,slf
Stock,slg
Stock,slg_i
Stock,slgn
Stock,slim
Stock,slm
Stock,slmbp
Stock,slno
Stock,slnow
Stock,slp
Stock,slra
Stock,slrc
Stock,sltb
Stock,sm
Stock,smbc
Stock,smbk
Stock,smci
Stock,smcp
Stock,smed
Stock,smfg
Stock,smg
Stock,smhd
Stock,smhi
Stock,smi
Stock,smin
Stock,smit
Stock,smlp
Stock,smm
Stock,smmd
Stock,smmf
Stock,smmt
Stock,smmv
Stock,smp
Stock,smpl
Stock,smplw
Stock,smrt
Stock,smsi
Stock,smtc
Stock,smts
Stock,smtx
Stock,sn
Stock,sna
Stock,snak
Stock,snap
Stock,snbc
Stock,snbr
Stock,snc
Stock,sncr
Stock,snd
Stock,snde
Stock,sndr
Stock,sndx
Stock,sne
Stock,snes
Stock,snfca
Stock,sngx
Stock,sngxw
Stock,snh
Stock,snhni
Stock,snhnl
Stock,snhy
Stock,sni
Stock,snmp
Stock,snmx
Stock,snn
Stock,snna
Stock,snoa
Stock,snoaw
Stock,snp
Stock,snps
Stock,snr
Stock,snsr
Stock,snss
Stock,snv
Stock,snv_c
Stock,snx
Stock,sny
Stock,so
Stock,soda
Stock,sofo
Stock,sogo
Stock,soho
Stock,sohob
Stock,sohom
Stock,sohoo
Stock,sohu
Stock,soi
Stock,soja
Stock,sojb
Stock,sol
Stock,son
Stock,sona
Stock,sonc
Stock,sons
Stock,sor
Stock,sorl
Stock,sov_c
Stock,sovb
Stock,sp
Stock,spa
Stock,spab
Stock,spar
Stock,spb
Stock,spcb
Stock,spdn
Stock,spdw
Stock,spe
Stock,spe_b
Stock,spem
Stock,spex
Stock,spg
Stock,spg_j
Stock,spgi
Stock,sph
Stock,sphs
Stock,spi
Stock,spib
Stock,spil
Stock,spke
Stock,spkep
Stock,splb
Stock,splg
Stock,splk
Stock,splp
Stock,splp_a
Stock,splp_t
Stock,spmd
Stock,spmo
Stock,spmv
Stock,spn
Stock,spne
Stock,spns
Stock,spok
Stock,sppi
Stock,sppp
Stock,spr
Stock,spro
Stock,sprt
Stock,spsb
Stock,spsc
Stock,spsm
Stock,sptl
Stock,sptm
Stock,sptn
Stock,spts
Stock,spun
Stock,spvm
Stock,spvu
Stock,spwh
Stock,spwr
Stock,spxc
Stock,spxe
Stock,spxn
Stock,spxt
Stock,spxv
Stock,spxx
Stock,spyd
Stock,spyx
Stock,sq
Stock,sqbg
Stock,sqlv
Stock,sqm
Stock,sqns
Stock,sqzz
Stock,sr
Stock,srax
Stock,src
Stock,src_a
Stock,srce
Stock,srci
Stock,srcl
Stock,srclp
Stock,srdx
Stock,sre
Stock,srev
Stock,srf
Stock,srg
Stock,sri
Stock,srlp
Stock,srne
Stock,srpt
Stock,srra
Stock,srt
Stock,srts
Stock,srtsw
Stock,srun
Stock,srunu
Stock,srunw
Stock,srv
Stock,ssb
Stock,ssbi
Stock,ssc
Stock,ssd
Stock,ssfn
Stock,ssi
Stock,sskn
Stock,ssl
Stock,ssn
Stock,ssnc
Stock,ssni
Stock,ssnt
Stock,ssp
Stock,ssrm
Stock,ssti
Stock,sstk
Stock,ssw
Stock,ssw_d
Stock,ssw_e
Stock,ssw_g
Stock,ssw_h
Stock,sswa
Stock,sswn
Stock,ssy
Stock,ssys
Stock,st
Stock,staa
Stock,staf
Stock,stag
Stock,stag_b
Stock,stag_c
Stock,star
Stock,star_d
Stock,star_e
Stock,star_f
Stock,star_g
Stock,star_i
Stock,stay
Stock,stb
Stock,stba
Stock,stbz
Stock,stc
Stock,stdy
Stock,ste
Stock,stfc
Stock,sti
Stock,sti-ws-a
Stock,sti-ws-b
Stock,sti_a
Stock,sti_e
Stock,stk
Stock,stkl
Stock,stks
Stock,stl
Stock,stl_a
Stock,stld
Stock,stlr
Stock,stlru
Stock,stlrw
Stock,stly
Stock,stm
Stock,stml
Stock,stmp
Stock,stn
Stock,stng
Stock,stnlu
Stock,sto
Stock,ston
Stock,stor
Stock,stot
Stock,stpp
Stock,stra
Stock,strl
Stock,strm
Stock,strp
Stock,strs
Stock,strt
Stock,stt
Stock,stt_c
Stock,stt_d
Stock,stt_e
Stock,stt_g
Stock,stwd
Stock,stx
Stock,stz
Stock,stz-b
Stock,su
Stock,sui
Stock,sui_a
Stock,sum
Stock,sumr
Stock,sun
Stock,suns
Stock,sunw
Stock,sup
Stock,supn
Stock,supv
Stock,susa
Stock,susb
Stock,susc
Stock,sva
Stock,svbi
Stock,svm
Stock,svra
Stock,svt
Stock,svu
Stock,svvc
Stock,swch
Stock,swin
Stock,swir
Stock,swj
Stock,swk
Stock,swks
Stock,swm
Stock,swn
Stock,swnc
Stock,swp
Stock,swx
Stock,swz
Stock,sxc
Stock,sxcp
Stock,sxe
Stock,sxi
Stock,sxt
Stock,sybt
Stock,sybx
Stock,syf
Stock,syk
Stock,syke
Stock,symc
Stock,symx
Stock,syn
Stock,syna
Stock,sync
Stock,synl
Stock,synt
Stock,sypr
Stock,syrs
Stock,syt
Stock,syx
Stock,syy
Stock,szc
Stock,t
Stock,ta
Stock,tac
Stock,taco
Stock,tacow
Stock,tact
Stock,taho
Stock,tail
Stock,tait
Stock,tal
Stock,tanh
Stock,tanni
Stock,tannl
Stock,tannz
Stock,tap
Stock,tap-a
Stock,tapr
Stock,taro
Stock,tast
Stock,tat
Stock,tatt
Stock,tax
Stock,taxr
Stock,tayd
Stock,tbb
Stock,tbbk
Stock,tbi
Stock,tbk
Stock,tblu
Stock,tbnk
Stock,tbph
Stock,tcap
Stock,tcbi
Stock,tcbil
Stock,tcbip
Stock,tcbiw
Stock,tcbk
Stock,tcca
Stock,tccb
Stock,tcco
Stock,tcf
Stock,tcf-ws
Stock,tcf_b-cl
Stock,tcf_c
Stock,tcf_d
Stock,tcfc
Stock,tcgp
Stock,tchf
Stock,tci
Stock,tcmd
Stock,tco
Stock,tco_j
Stock,tco_k
Stock,tcon
Stock,tcp
Stock,tcpc
Stock,tcrd
Stock,tcrx
Stock,tcrz
Stock,tcs
Stock,tctl
Stock,tcx
Stock,td
Stock,tda
Stock,tdc
Stock,tde
Stock,tdf
Stock,tdg
Stock,tdi
Stock,tdj
Stock,tdoc
Stock,tds
Stock,tdw
Stock,tdw-ws-a
Stock,tdw-ws-b
Stock,tdy
Stock,team
Stock,tear
Stock,tecd
Stock,tech
Stock,teck
Stock,tedu
Stock,tef
Stock,tegp
Stock,tei
Stock,tel
Stock,tell
Stock,ten
Stock,tenx
Stock,teo
Stock,tep
Stock,ter
Stock,term
Stock,terp
Stock,teso
Stock,tess
Stock,tetf
Stock,teum
Stock,teva
Stock,tex
Stock,tfsl
Stock,tfx
Stock,tg
Stock,tga
Stock,tgb
Stock,tgc
Stock,tgen
Stock,tgh
Stock,tgi
Stock,tgls
Stock,tgna
Stock,tgp
Stock,tgp_a
Stock,tgp_b
Stock,tgs
Stock,tgt
Stock,tgtx
Stock,thc
Stock,thff
Stock,thg
Stock,thga
Stock,thm
Stock,tho
Stock,thq
Stock,thr
Stock,thrm
Stock,ths
Stock,thst
Stock,thw
Stock,ti
Stock,ti-a
Stock,ticc
Stock,ticcl
Stock,tier
Stock,tif
Stock,tig
Stock,tik
Stock,til
Stock,tile
Stock,time
Stock,tipt
Stock,tis
Stock,tisa
Stock,tisi
Stock,titn
Stock,tivo
Stock,tjx
Stock,tk
Stock,tkat
Stock,tkc
Stock,tkf
Stock,tkr
Stock,tldh
Stock,tleh
Stock,tlf
Stock,tlgt
Stock,tli
Stock,tlk
Stock,tlnd
Stock,tlp
Stock,tlra
Stock,tlrd
Stock,tlys
Stock,tm
Stock,tmhc
Stock,tmk
Stock,tmk_b
Stock,tmk_c
Stock,tmo
Stock,tmp
Stock,tmq
Stock,tmst
Stock,tmus
Stock,tmusp
Stock,tnav
Stock,tnc
Stock,tndm
Stock,tnet
Stock,tnh
Stock,tnk
Stock,tnp
Stock,tnp_b
Stock,tnp_c
Stock,tnp_d
Stock,tnp_e
Stock,tntr
Stock,tnxp
Stock,toca
Stock,tol
Stock,too
Stock,too_a
Stock,too_b
Stock,tops
Stock,torm
Stock,tot
Stock,tour
Stock,town
Stock,towr
Stock,tpb
Stock,tpc
Stock,tpge
Stock,tpge-u
Stock,tpge-ws
Stock,tpgh
Stock,tpgh-u
Stock,tpgh-ws
Stock,tph
Stock,tphs
Stock,tpic
Stock,tpiv
Stock,tpl
Stock,tpor
Stock,tpr
Stock,tpre
Stock,tpvg
Stock,tpvy
Stock,tpx
Stock,tpyp
Stock,tpz
Stock,tr
Stock,trc
Stock,trcb
Stock,trch
Stock,trco
Stock,trcr
Stock,trcrw
Stock,trec
Stock,tree
Stock,trex
Stock,trgp
Stock,trhc
Stock,tri
Stock,trib
Stock,tril
Stock,trip
Stock,trk
Stock,trmb
Stock,trmk
Stock,trmt
Stock,trn
Stock,trnc
Stock,trno
Stock,trns
Stock,trov
Stock,trow
Stock,trox
Stock,trp
Stock,trpx
Stock,trq
Stock,trs
Stock,trst
Stock,trt
Stock,trtn
Stock,trtx
Stock,tru
Stock,true
Stock,trup
Stock,trv
Stock,trvg
Stock,trvn
Stock,trx
Stock,trxc
Stock,ts
Stock,tsbk
Stock,tsc
Stock,tsco
Stock,tse
Stock,tsem
Stock,tsg
Stock,tsi
Stock,tsla
Stock,tslf
Stock,tslx
Stock,tsm
Stock,tsn
Stock,tsq
Stock,tsri
Stock,tsro
Stock,tss
Stock,tst
Stock,tsu
Stock,ttac
Stock,ttai
Stock,ttc
Stock,ttd
Stock,ttec
Stock,ttek
Stock,ttf
Stock,ttgt
Stock,tti
Stock,ttm
Stock,ttmi
Stock,ttnp
Stock,ttoo
Stock,ttp
Stock,ttph
Stock,tts
Stock,ttwo
Stock,tu
Stock,tues
Stock,tup
Stock,turn
Stock,tusk
Stock,tv
Stock,tvc
Stock,tve
Stock,tvpt
Stock,tvty
Stock,twi
Stock,twin
Stock,twlo
Stock,twmc
Stock,twn
Stock,twnk
Stock,twnkw
Stock,two
Stock,two_a
Stock,two_b
Stock,twou
Stock,twow
Stock,twtr
Stock,twx
Stock,tx
Stock,txmd
Stock,txn
Stock,txrh
Stock,txt
Stock,ty
Stock,ty_
Stock,tyg
Stock,tyht
Stock,tyl
Stock,tyme
Stock,type
Stock,tzoo
Stock,ua
Stock,uaa
Stock,ual
Stock,uamy
Stock,uan
Stock,uba
Stock,ubcp
Stock,ubfo
Stock,ubio
Stock,ubnk
Stock,ubnt
Stock,uboh
Stock,ubp
Stock,ubp_f-cl
Stock,ubp_g
Stock,ubp_h
Stock,ubrt
Stock,ubs
Stock,ubsh
Stock,ubsi
Stock,ucba
Stock,ucbi
Stock,ucfc
Stock,uctt
Stock,udbi
Stock,udr
Stock,ue
Stock,uec
Stock,ueic
Stock,ueps
Stock,uevm
Stock,ufab
Stock,ufcs
Stock,ufi
Stock,ufpi
Stock,ufpt
Stock,ufs
Stock,ug
Stock,ugi
Stock,ugp
Stock,uhal
Stock,uhs
Stock,uht
Stock,uihc
Stock,uis
Stock,uitb
Stock,uivm
Stock,ul
Stock,ulbi
Stock,ulh
Stock,ulta
Stock,ulti
Stock,ulvm
Stock,umbf
Stock,umc
Stock,umh
Stock,umh_b
Stock,umh_c
Stock,umpq
Stock,un
Stock,unam
Stock,unb
Stock,unf
Stock,unfi
Stock,unh
Stock,unit
Stock,unm
Stock,unp
Stock,unt
Stock,unty
Stock,unvr
Stock,uone
Stock,uonek
Stock,upl
Stock,upld
Stock,ups
Stock,uqm
Stock,urbn
Stock,urg
Stock,urgn
Stock,uri
Stock,usa
Stock,usac
Stock,usak
Stock,usap
Stock,usas
Stock,usat
Stock,usatp
Stock,usau
Stock,usb
Stock,usb_a
Stock,usb_h
Stock,usb_m
Stock,usb_o
Stock,uscr
Stock,usdp
Stock,useg
Stock,useq
Stock,usfd
Stock,usg
Stock,ushy
Stock,uslb
Stock,uslm
Stock,usm
Stock,usmc
Stock,usmf
Stock,usna
Stock,usod
Stock,usoi
Stock,usou
Stock,usph
Stock,usrt
Stock,ustb
Stock,usvm
Stock,utes
Stock,utf
Stock,utg
Stock,uthr
Stock,uti
Stock,utl
Stock,utlf
Stock,utmd
Stock,utsi
Stock,utsl
Stock,utx
Stock,uuu
Stock,uuuu
Stock,uuuu-ws
Stock,uve
Stock,uvsp
Stock,uvv
Stock,uwn
Stock,uwt
Stock,uza
Stock,uzb
Stock,uzc
Stock,v
Stock,vac
Stock,vale
Stock,vale-p
Stock,valu
Stock,valx
Stock,vamo
Stock,var
Stock,vbf
Stock,vbfc
Stock,vbiv
Stock,vblt
Stock,vbnd
Stock,vbtx
Stock,vc
Stock,vcel
Stock,vcf
Stock,vco
Stock,vcra
Stock,vcv
Stock,vcyt
Stock,vdsi
Stock,vdth
Stock,veac
Stock,veacu
Stock,veacw
Stock,vec
Stock,veco
Stock,vedl
Stock,veev
Stock,veon
Stock,ver
Stock,ver_f
Stock,veri
Stock,veru
Stock,vesh
Stock,vet
Stock,vfc
Stock,vfl
Stock,vg
Stock,vgfo
Stock,vgi
Stock,vgm
Stock,vgr
Stock,vgz
Stock,vhc
Stock,vhi
Stock,via
Stock,viab
Stock,viav
Stock,vicl
Stock,vicr
Stock,vigi
Stock,vii
Stock,vips
Stock,virc
Stock,virt
Stock,visi
Stock,viv
Stock,vive
Stock,vivo
Stock,vjet
Stock,vki
Stock,vkq
Stock,vktx
Stock,vktxw
Stock,vlgea
Stock,vlo
Stock,vlp
Stock,vlrs
Stock,vlrx
Stock,vlt
Stock,vly
Stock,vly-ws
Stock,vly_a
Stock,vly_b
Stock,vmax
Stock,vmc
Stock,vmi
Stock,vmin
Stock,vmm
Stock,vmo
Stock,vmot
Stock,vmw
Stock,vnce
Stock,vnda
Stock,vnet
Stock,vnla
Stock,vno
Stock,vno_g
Stock,vno_i
Stock,vno_k
Stock,vno_l
Stock,vnom
Stock,vnrx
Stock,vntr
Stock,vntv
Stock,voc
Stock,vod
Stock,voxx
Stock,voya
Stock,vpg
Stock,vpv
Stock,vr
Stock,vr_a
Stock,vr_b
Stock,vra
Stock,vray
Stock,vrex
Stock,vrig
Stock,vrml
Stock,vrna
Stock,vrns
Stock,vrnt
Stock,vrs
Stock,vrsk
Stock,vrsn
Stock,vrts
Stock,vrtsp
Stock,vrtu
Stock,vrtv
Stock,vrtx
Stock,vrx
Stock,vsar
Stock,vsat
Stock,vsda
Stock,vsec
Stock,vsh
Stock,vsi
Stock,vslr
Stock,vsm
Stock,vsmv
Stock,vst
Stock,vstm
Stock,vsto
Stock,vta
Stock,vtc
Stock,vteb
Stock,vtgn
Stock,vtl
Stock,vtn
Stock,vtnr
Stock,vtr
Stock,vtrb
Stock,vtvt
Stock,vuzi
Stock,vvc
Stock,vvi
Stock,vvpr
Stock,vvr
Stock,vvus
Stock,vvv
Stock,vwr
Stock,vygr
Stock,vymi
Stock,vz
Stock,vza
Stock,w
Stock,waas
Stock,wab
Stock,wabc
Stock,wac
Stock,wafd
Stock,wafdw
Stock,wage
Stock,wair
Stock,wal
Stock,wala
Stock,wash
Stock,wat
Stock,watt
Stock,wayn
Stock,wb
Stock,wba
Stock,wbai
Stock,wbbw
Stock,wbc
Stock,wbia
Stock,wbib
Stock,wbic
Stock,wbid
Stock,wbie
Stock,wbif
Stock,wbig
Stock,wbih
Stock,wbii
Stock,wbil
Stock,wbir
Stock,wbiy
Stock,wbk
Stock,wbkc
Stock,wbs
Stock,wbs_e
Stock,wbt
Stock,wcc
Stock,wcfb
Stock,wcg
Stock,wcn
Stock,wd
Stock,wday
Stock,wdc
Stock,wdfc
Stock,wdr
Stock,wdrw
Stock,wea
Stock,wear
Stock,web
Stock,webk
Stock,wec
Stock,wen
Stock,wern
Stock,wes
Stock,wetf
Stock,wex
Stock,wexp
Stock,weys
Stock,wf
Stock,wfbi
Stock,wfc
Stock,wfc-ws
Stock,wfc_j
Stock,wfc_l
Stock,wfc_n
Stock,wfc_o
Stock,wfc_p
Stock,wfc_q
Stock,wfc_r
Stock,wfc_t
Stock,wfc_v
Stock,wfc_w
Stock,wfc_x
Stock,wfc_y
Stock,wfe_a
Stock,wfhy
Stock,wfig
Stock,wft
Stock,wg
Stock,wgl
Stock,wgo
Stock,wgp
Stock,whf
Stock,whfbl
Stock,whg
Stock,whlm
Stock,whlr
Stock,whlrd
Stock,whlrp
Stock,whlrw
Stock,whr
Stock,wia
Stock,wifi
Stock,wilc
Stock,win
Stock,wina
Stock,wing
Stock,wins
Stock,wire
Stock,wit
Stock,wiw
Stock,wix
Stock,wk
Stock,wkhs
Stock,wlb
Stock,wldn
Stock,wlfc
Stock,wlh
Stock,wlk
Stock,wlkp
Stock,wll
Stock,wltw
Stock,wm
Stock,wmb
Stock,wmc
Stock,wmgi
Stock,wmgiz
Stock,wmih
Stock,wmk
Stock,wmlp
Stock,wms
Stock,wmt
Stock,wnc
Stock,wneb
Stock,wnrl
Stock,wns
Stock,wor
Stock,wow
Stock,wpc
Stock,wpcs
Stock,wpg
Stock,wpg_h
Stock,wpg_i
Stock,wpm
Stock,wppgy
Stock,wprt
Stock,wpx
Stock,wpxp
Stock,wpz
Stock,wr
Stock,wrb
Stock,wrb_b
Stock,wrb_c
Stock,wrb_d
Stock,wrd
Stock,wre
Stock,wri
Stock,wrk
Stock,wrld
Stock,wrls
Stock,wrlsr
Stock,wrlsu
Stock,wrlsw
Stock,wrn
Stock,wsbc
Stock,wsbf
Stock,wsci
Stock,wsfs
Stock,wsky
Stock,wsm
Stock,wso
Stock,wso-b
Stock,wsr
Stock,wst
Stock,wstg
Stock,wstl
Stock,wtba
Stock,wtfc
Stock,wtfcm
Stock,wtfcw
Stock,wti
Stock,wtid
Stock,wtiu
Stock,wtm
Stock,wtr
Stock,wtrx
Stock,wts
Stock,wtt
Stock,wttr
Stock,wtw
Stock,wu
Stock,wuba
Stock,wusa
Stock,wve
Stock,wvfc
Stock,wvvi
Stock,wvvip
Stock,wwd
Stock,wwe
Stock,wwr
Stock,www
Stock,wy
Stock,wyde
Stock,wyig
Stock,wyigu
Stock,wyigw
Stock,wyn
Stock,wynn
Stock,wyy
Stock,x
Stock,xbio
Stock,xbit
Stock,xbks
Stock,xcem
Stock,xco
Stock,xcra
Stock,xec
Stock,xel
Stock,xela
Stock,xelb
Stock,xene
Stock,xent
Stock,xflt
Stock,xgti
Stock,xgtiw
Stock,xhr
Stock,xin
Stock,xina
Stock,xitk
Stock,xivh
Stock,xl
Stock,xlnx
Stock,xlre
Stock,xlrn
Stock,xmx
Stock,xncr
Stock,xnet
Stock,xntk
Stock,xny
Stock,xog
Stock,xom
Stock,xoma
Stock,xon
Stock,xone
Stock,xoxo
Stock,xper
Stock,xpl
Stock,xplr
Stock,xpo
Stock,xray
Stock,xrf
Stock,xrm
Stock,xrx
Stock,xshd
Stock,xshq
Stock,xth
Stock,xtlb
Stock,xtnt
Stock,xusa
Stock,xweb
Stock,xxii
Stock,xyl
Stock,y
Stock,yeco
Stock,yelp
Stock,yerr
Stock,yesr
Stock,yext
Stock,yge
Stock,ygyi
Stock,yin
Stock,yld
Stock,ylde
Stock,yndx
Stock,yoga
Stock,yorw
Stock,ypf
Stock,yrcw
Stock,yrd
Stock,yten
Stock,ytra
Stock,yum
Stock,yuma
Stock,yumc
Stock,yume
Stock,yy
Stock,z
Stock,zagg
Stock,zais
Stock,zayo
Stock,zb_a
Stock,zb_g
Stock,zb_h
Stock,zbh
Stock,zbio
Stock,zbk
Stock,zbra
Stock,zbzx
Stock,zdge
Stock,zeal
Stock,zen
Stock,zeus
Stock,zf
Stock,zfgn
Stock,zg
Stock,zgnx
Stock,zion
Stock,zionw
Stock,zionz
Stock,ziop
Stock,zixi
Stock,zjzzt
Stock,zkin
Stock,zlab
Stock,zn
Stock,znga
Stock,znh
Stock,zoes
Stock,zsan
Stock,zto
Stock,ztr
Stock,zts
Stock,zumz
Stock,zvv
Stock,zx
Stock,zyme
Stock,zyne
